channel,url,status,valid,reason
CH3000,http://cdn.telecloud.tv:80/CH3000/index.m3u8,404,False,HTTP 404
CH3001,http://cdn.telecloud.tv:80/CH3001/index.m3u8,404,False,HTTP 404
CH3002,http://cdn.telecloud.tv:80/CH3002/index.m3u8,404,False,HTTP 404
CH3003,http://cdn.telecloud.tv:80/CH3003/index.m3u8,404,False,HTTP 404
CH3004,http://cdn.telecloud.tv:80/CH3004/index.m3u8,404,False,HTTP 404
CH3005,http://cdn.telecloud.tv:80/CH3005/index.m3u8,404,False,HTTP 404
CH3006,http://cdn.telecloud.tv:80/CH3006/index.m3u8,404,False,HTTP 404
CH3007,http://cdn.telecloud.tv:80/CH3007/index.m3u8,404,False,HTTP 404
CH3008,http://cdn.telecloud.tv:80/CH3008/index.m3u8,404,False,HTTP 404
CH3009,http://cdn.telecloud.tv:80/CH3009/index.m3u8,404,False,HTTP 404
CH3010,http://cdn.telecloud.tv:80/CH3010/index.m3u8,404,False,HTTP 404
CH3011,http://cdn.telecloud.tv:80/CH3011/index.m3u8,404,False,HTTP 404
CH3012,http://cdn.telecloud.tv:80/CH3012/index.m3u8,404,False,HTTP 404
CH3013,http://cdn.telecloud.tv:80/CH3013/index.m3u8,200,True,ok
CH3014,http://cdn.telecloud.tv:80/CH3014/index.m3u8,404,False,HTTP 404
CH3015,http://cdn.telecloud.tv:80/CH3015/index.m3u8,200,True,ok
CH3016,http://cdn.telecloud.tv:80/CH3016/index.m3u8,404,False,HTTP 404
CH3017,http://cdn.telecloud.tv:80/CH3017/index.m3u8,404,False,HTTP 404
CH3018,http://cdn.telecloud.tv:80/CH3018/index.m3u8,404,False,HTTP 404
CH3019,http://cdn.telecloud.tv:80/CH3019/index.m3u8,404,False,HTTP 404
CH3020,http://cdn.telecloud.tv:80/CH3020/index.m3u8,404,False,HTTP 404
CH3021,http://cdn.telecloud.tv:80/CH3021/index.m3u8,404,False,HTTP 404
CH3022,http://cdn.telecloud.tv:80/CH3022/index.m3u8,404,False,HTTP 404
CH3023,http://cdn.telecloud.tv:80/CH3023/index.m3u8,404,False,HTTP 404
CH3024,http://cdn.telecloud.tv:80/CH3024/index.m3u8,404,False,HTTP 404
CH3025,http://cdn.telecloud.tv:80/CH3025/index.m3u8,404,False,HTTP 404
CH3026,http://cdn.telecloud.tv:80/CH3026/index.m3u8,404,False,HTTP 404
CH3027,http://cdn.telecloud.tv:80/CH3027/index.m3u8,200,True,ok
CH3028,http://cdn.telecloud.tv:80/CH3028/index.m3u8,404,False,HTTP 404
CH3029,http://cdn.telecloud.tv:80/CH3029/index.m3u8,404,False,HTTP 404
CH3030,http://cdn.telecloud.tv:80/CH3030/index.m3u8,404,False,HTTP 404
CH3031,http://cdn.telecloud.tv:80/CH3031/index.m3u8,404,False,HTTP 404
CH3032,http://cdn.telecloud.tv:80/CH3032/index.m3u8,404,False,HTTP 404
CH3033,http://cdn.telecloud.tv:80/CH3033/index.m3u8,200,True,ok
CH3034,http://cdn.telecloud.tv:80/CH3034/index.m3u8,404,False,HTTP 404
CH3035,http://cdn.telecloud.tv:80/CH3035/index.m3u8,200,True,ok
CH3036,http://cdn.telecloud.tv:80/CH3036/index.m3u8,404,False,HTTP 404
CH3037,http://cdn.telecloud.tv:80/CH3037/index.m3u8,200,True,ok
CH3038,http://cdn.telecloud.tv:80/CH3038/index.m3u8,404,False,HTTP 404
CH3039,http://cdn.telecloud.tv:80/CH3039/index.m3u8,404,False,HTTP 404
CH3040,http://cdn.telecloud.tv:80/CH3040/index.m3u8,404,False,HTTP 404
CH3041,http://cdn.telecloud.tv:80/CH3041/index.m3u8,200,True,ok
CH3042,http://cdn.telecloud.tv:80/CH3042/index.m3u8,404,False,HTTP 404
CH3043,http://cdn.telecloud.tv:80/CH3043/index.m3u8,200,True,ok
CH3044,http://cdn.telecloud.tv:80/CH3044/index.m3u8,404,False,HTTP 404
CH3045,http://cdn.telecloud.tv:80/CH3045/index.m3u8,404,False,HTTP 404
CH3046,http://cdn.telecloud.tv:80/CH3046/index.m3u8,404,False,HTTP 404
CH3047,http://cdn.telecloud.tv:80/CH3047/index.m3u8,404,False,HTTP 404
CH3048,http://cdn.telecloud.tv:80/CH3048/index.m3u8,404,False,HTTP 404
CH3049,http://cdn.telecloud.tv:80/CH3049/index.m3u8,404,False,HTTP 404
CH3050,http://cdn.telecloud.tv:80/CH3050/index.m3u8,404,False,HTTP 404
CH3051,http://cdn.telecloud.tv:80/CH3051/index.m3u8,404,False,HTTP 404
CH3052,http://cdn.telecloud.tv:80/CH3052/index.m3u8,404,False,HTTP 404
CH3053,http://cdn.telecloud.tv:80/CH3053/index.m3u8,404,False,HTTP 404
CH3054,http://cdn.telecloud.tv:80/CH3054/index.m3u8,404,False,HTTP 404
CH3055,http://cdn.telecloud.tv:80/CH3055/index.m3u8,404,False,HTTP 404
CH3056,http://cdn.telecloud.tv:80/CH3056/index.m3u8,404,False,HTTP 404
CH3057,http://cdn.telecloud.tv:80/CH3057/index.m3u8,404,False,HTTP 404
CH3058,http://cdn.telecloud.tv:80/CH3058/index.m3u8,404,False,HTTP 404
CH3059,http://cdn.telecloud.tv:80/CH3059/index.m3u8,404,False,HTTP 404
CH3060,http://cdn.telecloud.tv:80/CH3060/index.m3u8,404,False,HTTP 404
CH3061,http://cdn.telecloud.tv:80/CH3061/index.m3u8,404,False,HTTP 404
CH3062,http://cdn.telecloud.tv:80/CH3062/index.m3u8,404,False,HTTP 404
CH3063,http://cdn.telecloud.tv:80/CH3063/index.m3u8,404,False,HTTP 404
CH3064,http://cdn.telecloud.tv:80/CH3064/index.m3u8,404,False,HTTP 404
CH3065,http://cdn.telecloud.tv:80/CH3065/index.m3u8,404,False,HTTP 404
CH3066,http://cdn.telecloud.tv:80/CH3066/index.m3u8,404,False,HTTP 404
CH3067,http://cdn.telecloud.tv:80/CH3067/index.m3u8,404,False,HTTP 404
CH3068,http://cdn.telecloud.tv:80/CH3068/index.m3u8,404,False,HTTP 404
CH3069,http://cdn.telecloud.tv:80/CH3069/index.m3u8,404,False,HTTP 404
CH3070,http://cdn.telecloud.tv:80/CH3070/index.m3u8,404,False,HTTP 404
CH3071,http://cdn.telecloud.tv:80/CH3071/index.m3u8,404,False,HTTP 404
CH3072,http://cdn.telecloud.tv:80/CH3072/index.m3u8,404,False,HTTP 404
CH3073,http://cdn.telecloud.tv:80/CH3073/index.m3u8,404,False,HTTP 404
CH3074,http://cdn.telecloud.tv:80/CH3074/index.m3u8,404,False,HTTP 404
CH3075,http://cdn.telecloud.tv:80/CH3075/index.m3u8,404,False,HTTP 404
CH3076,http://cdn.telecloud.tv:80/CH3076/index.m3u8,404,False,HTTP 404
CH3077,http://cdn.telecloud.tv:80/CH3077/index.m3u8,404,False,HTTP 404
CH3078,http://cdn.telecloud.tv:80/CH3078/index.m3u8,404,False,HTTP 404
CH3079,http://cdn.telecloud.tv:80/CH3079/index.m3u8,404,False,HTTP 404
CH3080,http://cdn.telecloud.tv:80/CH3080/index.m3u8,404,False,HTTP 404
CH3081,http://cdn.telecloud.tv:80/CH3081/index.m3u8,404,False,HTTP 404
CH3082,http://cdn.telecloud.tv:80/CH3082/index.m3u8,404,False,HTTP 404
CH3083,http://cdn.telecloud.tv:80/CH3083/index.m3u8,404,False,HTTP 404
CH3084,http://cdn.telecloud.tv:80/CH3084/index.m3u8,404,False,HTTP 404
CH3085,http://cdn.telecloud.tv:80/CH3085/index.m3u8,404,False,HTTP 404
CH3086,http://cdn.telecloud.tv:80/CH3086/index.m3u8,404,False,HTTP 404
CH3087,http://cdn.telecloud.tv:80/CH3087/index.m3u8,404,False,HTTP 404
CH3088,http://cdn.telecloud.tv:80/CH3088/index.m3u8,404,False,HTTP 404
CH3089,http://cdn.telecloud.tv:80/CH3089/index.m3u8,404,False,HTTP 404
CH3090,http://cdn.telecloud.tv:80/CH3090/index.m3u8,404,False,HTTP 404
CH3091,http://cdn.telecloud.tv:80/CH3091/index.m3u8,404,False,HTTP 404
CH3092,http://cdn.telecloud.tv:80/CH3092/index.m3u8,404,False,HTTP 404
CH3093,http://cdn.telecloud.tv:80/CH3093/index.m3u8,404,False,HTTP 404
CH3094,http://cdn.telecloud.tv:80/CH3094/index.m3u8,404,False,HTTP 404
CH3095,http://cdn.telecloud.tv:80/CH3095/index.m3u8,404,False,HTTP 404
CH3096,http://cdn.telecloud.tv:80/CH3096/index.m3u8,404,False,HTTP 404
CH3097,http://cdn.telecloud.tv:80/CH3097/index.m3u8,404,False,HTTP 404
CH3098,http://cdn.telecloud.tv:80/CH3098/index.m3u8,404,False,HTTP 404
CH3099,http://cdn.telecloud.tv:80/CH3099/index.m3u8,200,True,ok
CH3100,http://cdn.telecloud.tv:80/CH3100/index.m3u8,404,False,HTTP 404
CH3101,http://cdn.telecloud.tv:80/CH3101/index.m3u8,404,False,HTTP 404
CH3102,http://cdn.telecloud.tv:80/CH3102/index.m3u8,404,False,HTTP 404
CH3103,http://cdn.telecloud.tv:80/CH3103/index.m3u8,404,False,HTTP 404
CH3104,http://cdn.telecloud.tv:80/CH3104/index.m3u8,404,False,HTTP 404
CH3105,http://cdn.telecloud.tv:80/CH3105/index.m3u8,404,False,HTTP 404
CH3106,http://cdn.telecloud.tv:80/CH3106/index.m3u8,404,False,HTTP 404
CH3107,http://cdn.telecloud.tv:80/CH3107/index.m3u8,404,False,HTTP 404
CH3108,http://cdn.telecloud.tv:80/CH3108/index.m3u8,404,False,HTTP 404
CH3109,http://cdn.telecloud.tv:80/CH3109/index.m3u8,404,False,HTTP 404
CH3110,http://cdn.telecloud.tv:80/CH3110/index.m3u8,404,False,HTTP 404
CH3111,http://cdn.telecloud.tv:80/CH3111/index.m3u8,200,True,ok
CH3112,http://cdn.telecloud.tv:80/CH3112/index.m3u8,404,False,HTTP 404
CH3113,http://cdn.telecloud.tv:80/CH3113/index.m3u8,404,False,HTTP 404
CH3114,http://cdn.telecloud.tv:80/CH3114/index.m3u8,404,False,HTTP 404
CH3115,http://cdn.telecloud.tv:80/CH3115/index.m3u8,404,False,HTTP 404
CH3116,http://cdn.telecloud.tv:80/CH3116/index.m3u8,404,False,HTTP 404
CH3117,http://cdn.telecloud.tv:80/CH3117/index.m3u8,404,False,HTTP 404
CH3118,http://cdn.telecloud.tv:80/CH3118/index.m3u8,404,False,HTTP 404
CH3119,http://cdn.telecloud.tv:80/CH3119/index.m3u8,404,False,HTTP 404
CH3120,http://cdn.telecloud.tv:80/CH3120/index.m3u8,404,False,HTTP 404
CH3121,http://cdn.telecloud.tv:80/CH3121/index.m3u8,404,False,HTTP 404
CH3122,http://cdn.telecloud.tv:80/CH3122/index.m3u8,404,False,HTTP 404
CH3123,http://cdn.telecloud.tv:80/CH3123/index.m3u8,404,False,HTTP 404
CH3124,http://cdn.telecloud.tv:80/CH3124/index.m3u8,404,False,HTTP 404
CH3125,http://cdn.telecloud.tv:80/CH3125/index.m3u8,404,False,HTTP 404
CH3126,http://cdn.telecloud.tv:80/CH3126/index.m3u8,404,False,HTTP 404
CH3127,http://cdn.telecloud.tv:80/CH3127/index.m3u8,404,False,HTTP 404
CH3128,http://cdn.telecloud.tv:80/CH3128/index.m3u8,404,False,HTTP 404
CH3129,http://cdn.telecloud.tv:80/CH3129/index.m3u8,404,False,HTTP 404
CH3130,http://cdn.telecloud.tv:80/CH3130/index.m3u8,404,False,HTTP 404
CH3131,http://cdn.telecloud.tv:80/CH3131/index.m3u8,200,True,ok
CH3132,http://cdn.telecloud.tv:80/CH3132/index.m3u8,404,False,HTTP 404
CH3133,http://cdn.telecloud.tv:80/CH3133/index.m3u8,404,False,HTTP 404
CH3134,http://cdn.telecloud.tv:80/CH3134/index.m3u8,404,False,HTTP 404
CH3135,http://cdn.telecloud.tv:80/CH3135/index.m3u8,404,False,HTTP 404
CH3136,http://cdn.telecloud.tv:80/CH3136/index.m3u8,404,False,HTTP 404
CH3137,http://cdn.telecloud.tv:80/CH3137/index.m3u8,404,False,HTTP 404
CH3138,http://cdn.telecloud.tv:80/CH3138/index.m3u8,404,False,HTTP 404
CH3139,http://cdn.telecloud.tv:80/CH3139/index.m3u8,404,False,HTTP 404
CH3140,http://cdn.telecloud.tv:80/CH3140/index.m3u8,404,False,HTTP 404
CH3141,http://cdn.telecloud.tv:80/CH3141/index.m3u8,404,False,HTTP 404
CH3142,http://cdn.telecloud.tv:80/CH3142/index.m3u8,404,False,HTTP 404
CH3143,http://cdn.telecloud.tv:80/CH3143/index.m3u8,404,False,HTTP 404
CH3144,http://cdn.telecloud.tv:80/CH3144/index.m3u8,404,False,HTTP 404
CH3145,http://cdn.telecloud.tv:80/CH3145/index.m3u8,404,False,HTTP 404
CH3146,http://cdn.telecloud.tv:80/CH3146/index.m3u8,404,False,HTTP 404
CH3147,http://cdn.telecloud.tv:80/CH3147/index.m3u8,404,False,HTTP 404
CH3148,http://cdn.telecloud.tv:80/CH3148/index.m3u8,404,False,HTTP 404
CH3149,http://cdn.telecloud.tv:80/CH3149/index.m3u8,404,False,HTTP 404
CH3150,http://cdn.telecloud.tv:80/CH3150/index.m3u8,404,False,HTTP 404
CH3151,http://cdn.telecloud.tv:80/CH3151/index.m3u8,404,False,HTTP 404
CH3152,http://cdn.telecloud.tv:80/CH3152/index.m3u8,404,False,HTTP 404
CH3153,http://cdn.telecloud.tv:80/CH3153/index.m3u8,404,False,HTTP 404
CH3154,http://cdn.telecloud.tv:80/CH3154/index.m3u8,404,False,HTTP 404
CH3155,http://cdn.telecloud.tv:80/CH3155/index.m3u8,404,False,HTTP 404
CH3156,http://cdn.telecloud.tv:80/CH3156/index.m3u8,404,False,HTTP 404
CH3157,http://cdn.telecloud.tv:80/CH3157/index.m3u8,404,False,HTTP 404
CH3158,http://cdn.telecloud.tv:80/CH3158/index.m3u8,404,False,HTTP 404
CH3159,http://cdn.telecloud.tv:80/CH3159/index.m3u8,404,False,HTTP 404
CH3160,http://cdn.telecloud.tv:80/CH3160/index.m3u8,404,False,HTTP 404
CH3161,http://cdn.telecloud.tv:80/CH3161/index.m3u8,404,False,HTTP 404
CH3162,http://cdn.telecloud.tv:80/CH3162/index.m3u8,404,False,HTTP 404
CH3163,http://cdn.telecloud.tv:80/CH3163/index.m3u8,200,True,ok
CH3164,http://cdn.telecloud.tv:80/CH3164/index.m3u8,404,False,HTTP 404
CH3165,http://cdn.telecloud.tv:80/CH3165/index.m3u8,200,True,ok
CH3166,http://cdn.telecloud.tv:80/CH3166/index.m3u8,404,False,HTTP 404
CH3167,http://cdn.telecloud.tv:80/CH3167/index.m3u8,404,False,HTTP 404
CH3168,http://cdn.telecloud.tv:80/CH3168/index.m3u8,404,False,HTTP 404
CH3169,http://cdn.telecloud.tv:80/CH3169/index.m3u8,404,False,HTTP 404
CH3170,http://cdn.telecloud.tv:80/CH3170/index.m3u8,404,False,HTTP 404
CH3171,http://cdn.telecloud.tv:80/CH3171/index.m3u8,200,True,ok
CH3172,http://cdn.telecloud.tv:80/CH3172/index.m3u8,404,False,HTTP 404
CH3173,http://cdn.telecloud.tv:80/CH3173/index.m3u8,404,False,HTTP 404
CH3174,http://cdn.telecloud.tv:80/CH3174/index.m3u8,404,False,HTTP 404
CH3175,http://cdn.telecloud.tv:80/CH3175/index.m3u8,404,False,HTTP 404
CH3176,http://cdn.telecloud.tv:80/CH3176/index.m3u8,404,False,HTTP 404
CH3177,http://cdn.telecloud.tv:80/CH3177/index.m3u8,404,False,HTTP 404
CH3178,http://cdn.telecloud.tv:80/CH3178/index.m3u8,404,False,HTTP 404
CH3179,http://cdn.telecloud.tv:80/CH3179/index.m3u8,404,False,HTTP 404
CH3180,http://cdn.telecloud.tv:80/CH3180/index.m3u8,404,False,HTTP 404
CH3181,http://cdn.telecloud.tv:80/CH3181/index.m3u8,404,False,HTTP 404
CH3182,http://cdn.telecloud.tv:80/CH3182/index.m3u8,404,False,HTTP 404
CH3183,http://cdn.telecloud.tv:80/CH3183/index.m3u8,404,False,HTTP 404
CH3184,http://cdn.telecloud.tv:80/CH3184/index.m3u8,404,False,HTTP 404
CH3185,http://cdn.telecloud.tv:80/CH3185/index.m3u8,404,False,HTTP 404
CH3186,http://cdn.telecloud.tv:80/CH3186/index.m3u8,404,False,HTTP 404
CH3187,http://cdn.telecloud.tv:80/CH3187/index.m3u8,404,False,HTTP 404
CH3188,http://cdn.telecloud.tv:80/CH3188/index.m3u8,404,False,HTTP 404
CH3189,http://cdn.telecloud.tv:80/CH3189/index.m3u8,404,False,HTTP 404
CH3190,http://cdn.telecloud.tv:80/CH3190/index.m3u8,404,False,HTTP 404
CH3191,http://cdn.telecloud.tv:80/CH3191/index.m3u8,404,False,HTTP 404
CH3192,http://cdn.telecloud.tv:80/CH3192/index.m3u8,404,False,HTTP 404
CH3193,http://cdn.telecloud.tv:80/CH3193/index.m3u8,404,False,HTTP 404
CH3194,http://cdn.telecloud.tv:80/CH3194/index.m3u8,404,False,HTTP 404
CH3195,http://cdn.telecloud.tv:80/CH3195/index.m3u8,404,False,HTTP 404
CH3196,http://cdn.telecloud.tv:80/CH3196/index.m3u8,404,False,HTTP 404
CH3197,http://cdn.telecloud.tv:80/CH3197/index.m3u8,404,False,HTTP 404
CH3198,http://cdn.telecloud.tv:80/CH3198/index.m3u8,404,False,HTTP 404
CH3199,http://cdn.telecloud.tv:80/CH3199/index.m3u8,404,False,HTTP 404
CH3200,http://cdn.telecloud.tv:80/CH3200/index.m3u8,404,False,HTTP 404
CH3201,http://cdn.telecloud.tv:80/CH3201/index.m3u8,404,False,HTTP 404
CH3202,http://cdn.telecloud.tv:80/CH3202/index.m3u8,404,False,HTTP 404
CH3203,http://cdn.telecloud.tv:80/CH3203/index.m3u8,404,False,HTTP 404
CH3204,http://cdn.telecloud.tv:80/CH3204/index.m3u8,404,False,HTTP 404
CH3205,http://cdn.telecloud.tv:80/CH3205/index.m3u8,404,False,HTTP 404
CH3206,http://cdn.telecloud.tv:80/CH3206/index.m3u8,404,False,HTTP 404
CH3207,http://cdn.telecloud.tv:80/CH3207/index.m3u8,404,False,HTTP 404
CH3208,http://cdn.telecloud.tv:80/CH3208/index.m3u8,404,False,HTTP 404
CH3209,http://cdn.telecloud.tv:80/CH3209/index.m3u8,404,False,HTTP 404
CH3210,http://cdn.telecloud.tv:80/CH3210/index.m3u8,404,False,HTTP 404
CH3211,http://cdn.telecloud.tv:80/CH3211/index.m3u8,404,False,HTTP 404
CH3212,http://cdn.telecloud.tv:80/CH3212/index.m3u8,404,False,HTTP 404
CH3213,http://cdn.telecloud.tv:80/CH3213/index.m3u8,404,False,HTTP 404
CH3214,http://cdn.telecloud.tv:80/CH3214/index.m3u8,404,False,HTTP 404
CH3215,http://cdn.telecloud.tv:80/CH3215/index.m3u8,404,False,HTTP 404
CH3216,http://cdn.telecloud.tv:80/CH3216/index.m3u8,404,False,HTTP 404
CH3217,http://cdn.telecloud.tv:80/CH3217/index.m3u8,404,False,HTTP 404
CH3218,http://cdn.telecloud.tv:80/CH3218/index.m3u8,404,False,HTTP 404
CH3219,http://cdn.telecloud.tv:80/CH3219/index.m3u8,404,False,HTTP 404
CH3220,http://cdn.telecloud.tv:80/CH3220/index.m3u8,404,False,HTTP 404
CH3221,http://cdn.telecloud.tv:80/CH3221/index.m3u8,404,False,HTTP 404
CH3222,http://cdn.telecloud.tv:80/CH3222/index.m3u8,404,False,HTTP 404
CH3223,http://cdn.telecloud.tv:80/CH3223/index.m3u8,200,True,ok
CH3224,http://cdn.telecloud.tv:80/CH3224/index.m3u8,404,False,HTTP 404
CH3225,http://cdn.telecloud.tv:80/CH3225/index.m3u8,200,True,ok
CH3226,http://cdn.telecloud.tv:80/CH3226/index.m3u8,404,False,HTTP 404
CH3227,http://cdn.telecloud.tv:80/CH3227/index.m3u8,200,True,ok
CH3228,http://cdn.telecloud.tv:80/CH3228/index.m3u8,404,False,HTTP 404
CH3229,http://cdn.telecloud.tv:80/CH3229/index.m3u8,200,True,ok
CH3230,http://cdn.telecloud.tv:80/CH3230/index.m3u8,404,False,HTTP 404
CH3231,http://cdn.telecloud.tv:80/CH3231/index.m3u8,404,False,HTTP 404
CH3232,http://cdn.telecloud.tv:80/CH3232/index.m3u8,404,False,HTTP 404
CH3233,http://cdn.telecloud.tv:80/CH3233/index.m3u8,200,True,ok
CH3234,http://cdn.telecloud.tv:80/CH3234/index.m3u8,404,False,HTTP 404
CH3235,http://cdn.telecloud.tv:80/CH3235/index.m3u8,200,True,ok
CH3236,http://cdn.telecloud.tv:80/CH3236/index.m3u8,404,False,HTTP 404
CH3237,http://cdn.telecloud.tv:80/CH3237/index.m3u8,404,False,HTTP 404
CH3238,http://cdn.telecloud.tv:80/CH3238/index.m3u8,404,False,HTTP 404
CH3239,http://cdn.telecloud.tv:80/CH3239/index.m3u8,200,True,ok
CH3240,http://cdn.telecloud.tv:80/CH3240/index.m3u8,404,False,HTTP 404
CH3241,http://cdn.telecloud.tv:80/CH3241/index.m3u8,404,False,HTTP 404
CH3242,http://cdn.telecloud.tv:80/CH3242/index.m3u8,404,False,HTTP 404
CH3243,http://cdn.telecloud.tv:80/CH3243/index.m3u8,404,False,HTTP 404
CH3244,http://cdn.telecloud.tv:80/CH3244/index.m3u8,404,False,HTTP 404
CH3245,http://cdn.telecloud.tv:80/CH3245/index.m3u8,404,False,HTTP 404
CH3246,http://cdn.telecloud.tv:80/CH3246/index.m3u8,404,False,HTTP 404
CH3247,http://cdn.telecloud.tv:80/CH3247/index.m3u8,200,True,ok
CH3248,http://cdn.telecloud.tv:80/CH3248/index.m3u8,404,False,HTTP 404
CH3249,http://cdn.telecloud.tv:80/CH3249/index.m3u8,404,False,HTTP 404
CH3250,http://cdn.telecloud.tv:80/CH3250/index.m3u8,404,False,HTTP 404
CH3251,http://cdn.telecloud.tv:80/CH3251/index.m3u8,404,False,HTTP 404
CH3252,http://cdn.telecloud.tv:80/CH3252/index.m3u8,404,False,HTTP 404
CH3253,http://cdn.telecloud.tv:80/CH3253/index.m3u8,404,False,HTTP 404
CH3254,http://cdn.telecloud.tv:80/CH3254/index.m3u8,404,False,HTTP 404
CH3255,http://cdn.telecloud.tv:80/CH3255/index.m3u8,200,True,ok
CH3256,http://cdn.telecloud.tv:80/CH3256/index.m3u8,404,False,HTTP 404
CH3257,http://cdn.telecloud.tv:80/CH3257/index.m3u8,200,True,ok
CH3258,http://cdn.telecloud.tv:80/CH3258/index.m3u8,404,False,HTTP 404
CH3259,http://cdn.telecloud.tv:80/CH3259/index.m3u8,404,False,HTTP 404
CH3260,http://cdn.telecloud.tv:80/CH3260/index.m3u8,404,False,HTTP 404
CH3261,http://cdn.telecloud.tv:80/CH3261/index.m3u8,404,False,HTTP 404
CH3262,http://cdn.telecloud.tv:80/CH3262/index.m3u8,404,False,HTTP 404
CH3263,http://cdn.telecloud.tv:80/CH3263/index.m3u8,200,True,ok
CH3264,http://cdn.telecloud.tv:80/CH3264/index.m3u8,404,False,HTTP 404
CH3265,http://cdn.telecloud.tv:80/CH3265/index.m3u8,200,True,ok
CH3266,http://cdn.telecloud.tv:80/CH3266/index.m3u8,404,False,HTTP 404
CH3267,http://cdn.telecloud.tv:80/CH3267/index.m3u8,200,True,ok
CH3268,http://cdn.telecloud.tv:80/CH3268/index.m3u8,404,False,HTTP 404
CH3269,http://cdn.telecloud.tv:80/CH3269/index.m3u8,200,True,ok
CH3270,http://cdn.telecloud.tv:80/CH3270/index.m3u8,404,False,HTTP 404
CH3271,http://cdn.telecloud.tv:80/CH3271/index.m3u8,200,True,ok
CH3272,http://cdn.telecloud.tv:80/CH3272/index.m3u8,404,False,HTTP 404
CH3273,http://cdn.telecloud.tv:80/CH3273/index.m3u8,200,True,ok
CH3274,http://cdn.telecloud.tv:80/CH3274/index.m3u8,404,False,HTTP 404
CH3275,http://cdn.telecloud.tv:80/CH3275/index.m3u8,404,False,HTTP 404
CH3276,http://cdn.telecloud.tv:80/CH3276/index.m3u8,404,False,HTTP 404
CH3277,http://cdn.telecloud.tv:80/CH3277/index.m3u8,404,False,HTTP 404
CH3278,http://cdn.telecloud.tv:80/CH3278/index.m3u8,404,False,HTTP 404
CH3279,http://cdn.telecloud.tv:80/CH3279/index.m3u8,404,False,HTTP 404
CH3280,http://cdn.telecloud.tv:80/CH3280/index.m3u8,404,False,HTTP 404
CH3281,http://cdn.telecloud.tv:80/CH3281/index.m3u8,404,False,HTTP 404
CH3282,http://cdn.telecloud.tv:80/CH3282/index.m3u8,404,False,HTTP 404
CH3283,http://cdn.telecloud.tv:80/CH3283/index.m3u8,404,False,HTTP 404
CH3284,http://cdn.telecloud.tv:80/CH3284/index.m3u8,404,False,HTTP 404
CH3285,http://cdn.telecloud.tv:80/CH3285/index.m3u8,200,True,ok
CH3286,http://cdn.telecloud.tv:80/CH3286/index.m3u8,404,False,HTTP 404
CH3287,http://cdn.telecloud.tv:80/CH3287/index.m3u8,200,True,ok
CH3288,http://cdn.telecloud.tv:80/CH3288/index.m3u8,404,False,HTTP 404
CH3289,http://cdn.telecloud.tv:80/CH3289/index.m3u8,404,False,HTTP 404
CH3290,http://cdn.telecloud.tv:80/CH3290/index.m3u8,404,False,HTTP 404
CH3291,http://cdn.telecloud.tv:80/CH3291/index.m3u8,404,False,HTTP 404
CH3292,http://cdn.telecloud.tv:80/CH3292/index.m3u8,404,False,HTTP 404
CH3293,http://cdn.telecloud.tv:80/CH3293/index.m3u8,404,False,HTTP 404
CH3294,http://cdn.telecloud.tv:80/CH3294/index.m3u8,404,False,HTTP 404
CH3295,http://cdn.telecloud.tv:80/CH3295/index.m3u8,404,False,HTTP 404
CH3296,http://cdn.telecloud.tv:80/CH3296/index.m3u8,404,False,HTTP 404
CH3297,http://cdn.telecloud.tv:80/CH3297/index.m3u8,404,False,HTTP 404
CH3298,http://cdn.telecloud.tv:80/CH3298/index.m3u8,404,False,HTTP 404
CH3299,http://cdn.telecloud.tv:80/CH3299/index.m3u8,404,False,HTTP 404
CH3300,http://cdn.telecloud.tv:80/CH3300/index.m3u8,404,False,HTTP 404
CH3301,http://cdn.telecloud.tv:80/CH3301/index.m3u8,404,False,HTTP 404
CH3302,http://cdn.telecloud.tv:80/CH3302/index.m3u8,404,False,HTTP 404
CH3303,http://cdn.telecloud.tv:80/CH3303/index.m3u8,200,True,ok
CH3304,http://cdn.telecloud.tv:80/CH3304/index.m3u8,404,False,HTTP 404
CH3305,http://cdn.telecloud.tv:80/CH3305/index.m3u8,200,True,ok
CH3306,http://cdn.telecloud.tv:80/CH3306/index.m3u8,404,False,HTTP 404
CH3307,http://cdn.telecloud.tv:80/CH3307/index.m3u8,404,False,HTTP 404
CH3308,http://cdn.telecloud.tv:80/CH3308/index.m3u8,404,False,HTTP 404
CH3309,http://cdn.telecloud.tv:80/CH3309/index.m3u8,404,False,HTTP 404
CH3310,http://cdn.telecloud.tv:80/CH3310/index.m3u8,404,False,HTTP 404
CH3311,http://cdn.telecloud.tv:80/CH3311/index.m3u8,404,False,HTTP 404
CH3312,http://cdn.telecloud.tv:80/CH3312/index.m3u8,404,False,HTTP 404
CH3313,http://cdn.telecloud.tv:80/CH3313/index.m3u8,200,True,ok
CH3314,http://cdn.telecloud.tv:80/CH3314/index.m3u8,404,False,HTTP 404
CH3315,http://cdn.telecloud.tv:80/CH3315/index.m3u8,404,False,HTTP 404
CH3316,http://cdn.telecloud.tv:80/CH3316/index.m3u8,404,False,HTTP 404
CH3317,http://cdn.telecloud.tv:80/CH3317/index.m3u8,200,True,ok
CH3318,http://cdn.telecloud.tv:80/CH3318/index.m3u8,404,False,HTTP 404
CH3319,http://cdn.telecloud.tv:80/CH3319/index.m3u8,200,True,ok
CH3320,http://cdn.telecloud.tv:80/CH3320/index.m3u8,404,False,HTTP 404
CH3321,http://cdn.telecloud.tv:80/CH3321/index.m3u8,404,False,HTTP 404
CH3322,http://cdn.telecloud.tv:80/CH3322/index.m3u8,404,False,HTTP 404
CH3323,http://cdn.telecloud.tv:80/CH3323/index.m3u8,200,True,ok
CH3324,http://cdn.telecloud.tv:80/CH3324/index.m3u8,404,False,HTTP 404
CH3325,http://cdn.telecloud.tv:80/CH3325/index.m3u8,404,False,HTTP 404
CH3326,http://cdn.telecloud.tv:80/CH3326/index.m3u8,404,False,HTTP 404
CH3327,http://cdn.telecloud.tv:80/CH3327/index.m3u8,404,False,HTTP 404
CH3328,http://cdn.telecloud.tv:80/CH3328/index.m3u8,404,False,HTTP 404
CH3329,http://cdn.telecloud.tv:80/CH3329/index.m3u8,404,False,HTTP 404
CH3330,http://cdn.telecloud.tv:80/CH3330/index.m3u8,404,False,HTTP 404
CH3331,http://cdn.telecloud.tv:80/CH3331/index.m3u8,404,False,HTTP 404
CH3332,http://cdn.telecloud.tv:80/CH3332/index.m3u8,404,False,HTTP 404
CH3333,http://cdn.telecloud.tv:80/CH3333/index.m3u8,404,False,HTTP 404
CH3334,http://cdn.telecloud.tv:80/CH3334/index.m3u8,404,False,HTTP 404
CH3335,http://cdn.telecloud.tv:80/CH3335/index.m3u8,404,False,HTTP 404
CH3336,http://cdn.telecloud.tv:80/CH3336/index.m3u8,404,False,HTTP 404
CH3337,http://cdn.telecloud.tv:80/CH3337/index.m3u8,404,False,HTTP 404
CH3338,http://cdn.telecloud.tv:80/CH3338/index.m3u8,404,False,HTTP 404
CH3339,http://cdn.telecloud.tv:80/CH3339/index.m3u8,404,False,HTTP 404
CH3340,http://cdn.telecloud.tv:80/CH3340/index.m3u8,404,False,HTTP 404
CH3341,http://cdn.telecloud.tv:80/CH3341/index.m3u8,404,False,HTTP 404
CH3342,http://cdn.telecloud.tv:80/CH3342/index.m3u8,404,False,HTTP 404
CH3343,http://cdn.telecloud.tv:80/CH3343/index.m3u8,404,False,HTTP 404
CH3344,http://cdn.telecloud.tv:80/CH3344/index.m3u8,404,False,HTTP 404
CH3345,http://cdn.telecloud.tv:80/CH3345/index.m3u8,404,False,HTTP 404
CH3346,http://cdn.telecloud.tv:80/CH3346/index.m3u8,404,False,HTTP 404
CH3347,http://cdn.telecloud.tv:80/CH3347/index.m3u8,404,False,HTTP 404
CH3348,http://cdn.telecloud.tv:80/CH3348/index.m3u8,404,False,HTTP 404
CH3349,http://cdn.telecloud.tv:80/CH3349/index.m3u8,404,False,HTTP 404
CH3350,http://cdn.telecloud.tv:80/CH3350/index.m3u8,404,False,HTTP 404
CH3351,http://cdn.telecloud.tv:80/CH3351/index.m3u8,404,False,HTTP 404
CH3352,http://cdn.telecloud.tv:80/CH3352/index.m3u8,404,False,HTTP 404
CH3353,http://cdn.telecloud.tv:80/CH3353/index.m3u8,404,False,HTTP 404
CH3354,http://cdn.telecloud.tv:80/CH3354/index.m3u8,404,False,HTTP 404
CH3355,http://cdn.telecloud.tv:80/CH3355/index.m3u8,404,False,HTTP 404
CH3356,http://cdn.telecloud.tv:80/CH3356/index.m3u8,404,False,HTTP 404
CH3357,http://cdn.telecloud.tv:80/CH3357/index.m3u8,404,False,HTTP 404
CH3358,http://cdn.telecloud.tv:80/CH3358/index.m3u8,404,False,HTTP 404
CH3359,http://cdn.telecloud.tv:80/CH3359/index.m3u8,404,False,HTTP 404
CH3360,http://cdn.telecloud.tv:80/CH3360/index.m3u8,404,False,HTTP 404
CH3361,http://cdn.telecloud.tv:80/CH3361/index.m3u8,404,False,HTTP 404
CH3362,http://cdn.telecloud.tv:80/CH3362/index.m3u8,404,False,HTTP 404
CH3363,http://cdn.telecloud.tv:80/CH3363/index.m3u8,404,False,HTTP 404
CH3364,http://cdn.telecloud.tv:80/CH3364/index.m3u8,404,False,HTTP 404
CH3365,http://cdn.telecloud.tv:80/CH3365/index.m3u8,404,False,HTTP 404
CH3366,http://cdn.telecloud.tv:80/CH3366/index.m3u8,404,False,HTTP 404
CH3367,http://cdn.telecloud.tv:80/CH3367/index.m3u8,404,False,HTTP 404
CH3368,http://cdn.telecloud.tv:80/CH3368/index.m3u8,404,False,HTTP 404
CH3369,http://cdn.telecloud.tv:80/CH3369/index.m3u8,404,False,HTTP 404
CH3370,http://cdn.telecloud.tv:80/CH3370/index.m3u8,404,False,HTTP 404
CH3371,http://cdn.telecloud.tv:80/CH3371/index.m3u8,404,False,HTTP 404
CH3372,http://cdn.telecloud.tv:80/CH3372/index.m3u8,404,False,HTTP 404
CH3373,http://cdn.telecloud.tv:80/CH3373/index.m3u8,404,False,HTTP 404
CH3374,http://cdn.telecloud.tv:80/CH3374/index.m3u8,404,False,HTTP 404
CH3375,http://cdn.telecloud.tv:80/CH3375/index.m3u8,404,False,HTTP 404
CH3376,http://cdn.telecloud.tv:80/CH3376/index.m3u8,404,False,HTTP 404
CH3377,http://cdn.telecloud.tv:80/CH3377/index.m3u8,404,False,HTTP 404
CH3378,http://cdn.telecloud.tv:80/CH3378/index.m3u8,404,False,HTTP 404
CH3379,http://cdn.telecloud.tv:80/CH3379/index.m3u8,404,False,HTTP 404
CH3380,http://cdn.telecloud.tv:80/CH3380/index.m3u8,404,False,HTTP 404
CH3381,http://cdn.telecloud.tv:80/CH3381/index.m3u8,404,False,HTTP 404
CH3382,http://cdn.telecloud.tv:80/CH3382/index.m3u8,404,False,HTTP 404
CH3383,http://cdn.telecloud.tv:80/CH3383/index.m3u8,404,False,HTTP 404
CH3384,http://cdn.telecloud.tv:80/CH3384/index.m3u8,404,False,HTTP 404
CH3385,http://cdn.telecloud.tv:80/CH3385/index.m3u8,404,False,HTTP 404
CH3386,http://cdn.telecloud.tv:80/CH3386/index.m3u8,404,False,HTTP 404
CH3387,http://cdn.telecloud.tv:80/CH3387/index.m3u8,404,False,HTTP 404
CH3388,http://cdn.telecloud.tv:80/CH3388/index.m3u8,404,False,HTTP 404
CH3389,http://cdn.telecloud.tv:80/CH3389/index.m3u8,404,False,HTTP 404
CH3390,http://cdn.telecloud.tv:80/CH3390/index.m3u8,404,False,HTTP 404
CH3391,http://cdn.telecloud.tv:80/CH3391/index.m3u8,404,False,HTTP 404
CH3392,http://cdn.telecloud.tv:80/CH3392/index.m3u8,404,False,HTTP 404
CH3393,http://cdn.telecloud.tv:80/CH3393/index.m3u8,404,False,HTTP 404
CH3394,http://cdn.telecloud.tv:80/CH3394/index.m3u8,404,False,HTTP 404
CH3395,http://cdn.telecloud.tv:80/CH3395/index.m3u8,404,False,HTTP 404
CH3396,http://cdn.telecloud.tv:80/CH3396/index.m3u8,404,False,HTTP 404
CH3397,http://cdn.telecloud.tv:80/CH3397/index.m3u8,404,False,HTTP 404
CH3398,http://cdn.telecloud.tv:80/CH3398/index.m3u8,404,False,HTTP 404
CH3399,http://cdn.telecloud.tv:80/CH3399/index.m3u8,200,True,ok
CH3400,http://cdn.telecloud.tv:80/CH3400/index.m3u8,404,False,HTTP 404
CH3401,http://cdn.telecloud.tv:80/CH3401/index.m3u8,404,False,HTTP 404
CH3402,http://cdn.telecloud.tv:80/CH3402/index.m3u8,404,False,HTTP 404
CH3403,http://cdn.telecloud.tv:80/CH3403/index.m3u8,404,False,HTTP 404
CH3404,http://cdn.telecloud.tv:80/CH3404/index.m3u8,404,False,HTTP 404
CH3405,http://cdn.telecloud.tv:80/CH3405/index.m3u8,404,False,HTTP 404
CH3406,http://cdn.telecloud.tv:80/CH3406/index.m3u8,404,False,HTTP 404
CH3407,http://cdn.telecloud.tv:80/CH3407/index.m3u8,404,False,HTTP 404
CH3408,http://cdn.telecloud.tv:80/CH3408/index.m3u8,404,False,HTTP 404
CH3409,http://cdn.telecloud.tv:80/CH3409/index.m3u8,404,False,HTTP 404
CH3410,http://cdn.telecloud.tv:80/CH3410/index.m3u8,404,False,HTTP 404
CH3411,http://cdn.telecloud.tv:80/CH3411/index.m3u8,404,False,HTTP 404
CH3412,http://cdn.telecloud.tv:80/CH3412/index.m3u8,404,False,HTTP 404
CH3413,http://cdn.telecloud.tv:80/CH3413/index.m3u8,404,False,HTTP 404
CH3414,http://cdn.telecloud.tv:80/CH3414/index.m3u8,404,False,HTTP 404
CH3415,http://cdn.telecloud.tv:80/CH3415/index.m3u8,404,False,HTTP 404
CH3416,http://cdn.telecloud.tv:80/CH3416/index.m3u8,404,False,HTTP 404
CH3417,http://cdn.telecloud.tv:80/CH3417/index.m3u8,404,False,HTTP 404
CH3418,http://cdn.telecloud.tv:80/CH3418/index.m3u8,404,False,HTTP 404
CH3419,http://cdn.telecloud.tv:80/CH3419/index.m3u8,404,False,HTTP 404
CH3420,http://cdn.telecloud.tv:80/CH3420/index.m3u8,404,False,HTTP 404
CH3421,http://cdn.telecloud.tv:80/CH3421/index.m3u8,404,False,HTTP 404
CH3422,http://cdn.telecloud.tv:80/CH3422/index.m3u8,404,False,HTTP 404
CH3423,http://cdn.telecloud.tv:80/CH3423/index.m3u8,200,True,ok
CH3424,http://cdn.telecloud.tv:80/CH3424/index.m3u8,404,False,HTTP 404
CH3425,http://cdn.telecloud.tv:80/CH3425/index.m3u8,200,True,ok
CH3426,http://cdn.telecloud.tv:80/CH3426/index.m3u8,404,False,HTTP 404
CH3427,http://cdn.telecloud.tv:80/CH3427/index.m3u8,200,True,ok
CH3428,http://cdn.telecloud.tv:80/CH3428/index.m3u8,404,False,HTTP 404
CH3429,http://cdn.telecloud.tv:80/CH3429/index.m3u8,200,True,ok
CH3430,http://cdn.telecloud.tv:80/CH3430/index.m3u8,404,False,HTTP 404
CH3431,http://cdn.telecloud.tv:80/CH3431/index.m3u8,200,True,ok
CH3432,http://cdn.telecloud.tv:80/CH3432/index.m3u8,404,False,HTTP 404
CH3433,http://cdn.telecloud.tv:80/CH3433/index.m3u8,404,False,HTTP 404
CH3434,http://cdn.telecloud.tv:80/CH3434/index.m3u8,404,False,HTTP 404
CH3435,http://cdn.telecloud.tv:80/CH3435/index.m3u8,404,False,HTTP 404
CH3436,http://cdn.telecloud.tv:80/CH3436/index.m3u8,404,False,HTTP 404
CH3437,http://cdn.telecloud.tv:80/CH3437/index.m3u8,404,False,HTTP 404
CH3438,http://cdn.telecloud.tv:80/CH3438/index.m3u8,404,False,HTTP 404
CH3439,http://cdn.telecloud.tv:80/CH3439/index.m3u8,404,False,HTTP 404
CH3440,http://cdn.telecloud.tv:80/CH3440/index.m3u8,404,False,HTTP 404
CH3441,http://cdn.telecloud.tv:80/CH3441/index.m3u8,404,False,HTTP 404
CH3442,http://cdn.telecloud.tv:80/CH3442/index.m3u8,404,False,HTTP 404
CH3443,http://cdn.telecloud.tv:80/CH3443/index.m3u8,404,False,HTTP 404
CH3444,http://cdn.telecloud.tv:80/CH3444/index.m3u8,404,False,HTTP 404
CH3445,http://cdn.telecloud.tv:80/CH3445/index.m3u8,404,False,HTTP 404
CH3446,http://cdn.telecloud.tv:80/CH3446/index.m3u8,404,False,HTTP 404
CH3447,http://cdn.telecloud.tv:80/CH3447/index.m3u8,404,False,HTTP 404
CH3448,http://cdn.telecloud.tv:80/CH3448/index.m3u8,404,False,HTTP 404
CH3449,http://cdn.telecloud.tv:80/CH3449/index.m3u8,200,True,ok
CH3450,http://cdn.telecloud.tv:80/CH3450/index.m3u8,404,False,HTTP 404
CH3451,http://cdn.telecloud.tv:80/CH3451/index.m3u8,200,True,ok
CH3452,http://cdn.telecloud.tv:80/CH3452/index.m3u8,404,False,HTTP 404
CH3453,http://cdn.telecloud.tv:80/CH3453/index.m3u8,404,False,HTTP 404
CH3454,http://cdn.telecloud.tv:80/CH3454/index.m3u8,404,False,HTTP 404
CH3455,http://cdn.telecloud.tv:80/CH3455/index.m3u8,404,False,HTTP 404
CH3456,http://cdn.telecloud.tv:80/CH3456/index.m3u8,404,False,HTTP 404
CH3457,http://cdn.telecloud.tv:80/CH3457/index.m3u8,404,False,HTTP 404
CH3458,http://cdn.telecloud.tv:80/CH3458/index.m3u8,404,False,HTTP 404
CH3459,http://cdn.telecloud.tv:80/CH3459/index.m3u8,404,False,HTTP 404
CH3460,http://cdn.telecloud.tv:80/CH3460/index.m3u8,404,False,HTTP 404
CH3461,http://cdn.telecloud.tv:80/CH3461/index.m3u8,404,False,HTTP 404
CH3462,http://cdn.telecloud.tv:80/CH3462/index.m3u8,404,False,HTTP 404
CH3463,http://cdn.telecloud.tv:80/CH3463/index.m3u8,404,False,HTTP 404
CH3464,http://cdn.telecloud.tv:80/CH3464/index.m3u8,404,False,HTTP 404
CH3465,http://cdn.telecloud.tv:80/CH3465/index.m3u8,404,False,HTTP 404
CH3466,http://cdn.telecloud.tv:80/CH3466/index.m3u8,404,False,HTTP 404
CH3467,http://cdn.telecloud.tv:80/CH3467/index.m3u8,404,False,HTTP 404
CH3468,http://cdn.telecloud.tv:80/CH3468/index.m3u8,404,False,HTTP 404
CH3469,http://cdn.telecloud.tv:80/CH3469/index.m3u8,404,False,HTTP 404
CH3470,http://cdn.telecloud.tv:80/CH3470/index.m3u8,404,False,HTTP 404
CH3471,http://cdn.telecloud.tv:80/CH3471/index.m3u8,404,False,HTTP 404
CH3472,http://cdn.telecloud.tv:80/CH3472/index.m3u8,404,False,HTTP 404
CH3473,http://cdn.telecloud.tv:80/CH3473/index.m3u8,404,False,HTTP 404
CH3474,http://cdn.telecloud.tv:80/CH3474/index.m3u8,404,False,HTTP 404
CH3475,http://cdn.telecloud.tv:80/CH3475/index.m3u8,404,False,HTTP 404
CH3476,http://cdn.telecloud.tv:80/CH3476/index.m3u8,404,False,HTTP 404
CH3477,http://cdn.telecloud.tv:80/CH3477/index.m3u8,404,False,HTTP 404
CH3478,http://cdn.telecloud.tv:80/CH3478/index.m3u8,404,False,HTTP 404
CH3479,http://cdn.telecloud.tv:80/CH3479/index.m3u8,200,True,ok
CH3480,http://cdn.telecloud.tv:80/CH3480/index.m3u8,404,False,HTTP 404
CH3481,http://cdn.telecloud.tv:80/CH3481/index.m3u8,404,False,HTTP 404
CH3482,http://cdn.telecloud.tv:80/CH3482/index.m3u8,404,False,HTTP 404
CH3483,http://cdn.telecloud.tv:80/CH3483/index.m3u8,404,False,HTTP 404
CH3484,http://cdn.telecloud.tv:80/CH3484/index.m3u8,404,False,HTTP 404
CH3485,http://cdn.telecloud.tv:80/CH3485/index.m3u8,404,False,HTTP 404
CH3486,http://cdn.telecloud.tv:80/CH3486/index.m3u8,404,False,HTTP 404
CH3487,http://cdn.telecloud.tv:80/CH3487/index.m3u8,404,False,HTTP 404
CH3488,http://cdn.telecloud.tv:80/CH3488/index.m3u8,404,False,HTTP 404
CH3489,http://cdn.telecloud.tv:80/CH3489/index.m3u8,404,False,HTTP 404
CH3490,http://cdn.telecloud.tv:80/CH3490/index.m3u8,404,False,HTTP 404
CH3491,http://cdn.telecloud.tv:80/CH3491/index.m3u8,404,False,HTTP 404
CH3492,http://cdn.telecloud.tv:80/CH3492/index.m3u8,404,False,HTTP 404
CH3493,http://cdn.telecloud.tv:80/CH3493/index.m3u8,404,False,HTTP 404
CH3494,http://cdn.telecloud.tv:80/CH3494/index.m3u8,404,False,HTTP 404
CH3495,http://cdn.telecloud.tv:80/CH3495/index.m3u8,404,False,HTTP 404
CH3496,http://cdn.telecloud.tv:80/CH3496/index.m3u8,404,False,HTTP 404
CH3497,http://cdn.telecloud.tv:80/CH3497/index.m3u8,404,False,HTTP 404
CH3498,http://cdn.telecloud.tv:80/CH3498/index.m3u8,404,False,HTTP 404
CH3499,http://cdn.telecloud.tv:80/CH3499/index.m3u8,404,False,HTTP 404
CH3500,http://cdn.telecloud.tv:80/CH3500/index.m3u8,404,False,HTTP 404
CH3501,http://cdn.telecloud.tv:80/CH3501/index.m3u8,404,False,HTTP 404
CH3502,http://cdn.telecloud.tv:80/CH3502/index.m3u8,404,False,HTTP 404
CH3503,http://cdn.telecloud.tv:80/CH3503/index.m3u8,404,False,HTTP 404
CH3504,http://cdn.telecloud.tv:80/CH3504/index.m3u8,404,False,HTTP 404
CH3505,http://cdn.telecloud.tv:80/CH3505/index.m3u8,404,False,HTTP 404
CH3506,http://cdn.telecloud.tv:80/CH3506/index.m3u8,404,False,HTTP 404
CH3507,http://cdn.telecloud.tv:80/CH3507/index.m3u8,404,False,HTTP 404
CH3508,http://cdn.telecloud.tv:80/CH3508/index.m3u8,404,False,HTTP 404
CH3509,http://cdn.telecloud.tv:80/CH3509/index.m3u8,404,False,HTTP 404
CH3510,http://cdn.telecloud.tv:80/CH3510/index.m3u8,404,False,HTTP 404
CH3511,http://cdn.telecloud.tv:80/CH3511/index.m3u8,404,False,HTTP 404
CH3512,http://cdn.telecloud.tv:80/CH3512/index.m3u8,404,False,HTTP 404
CH3513,http://cdn.telecloud.tv:80/CH3513/index.m3u8,404,False,HTTP 404
CH3514,http://cdn.telecloud.tv:80/CH3514/index.m3u8,404,False,HTTP 404
CH3515,http://cdn.telecloud.tv:80/CH3515/index.m3u8,404,False,HTTP 404
CH3516,http://cdn.telecloud.tv:80/CH3516/index.m3u8,404,False,HTTP 404
CH3517,http://cdn.telecloud.tv:80/CH3517/index.m3u8,200,True,ok
CH3518,http://cdn.telecloud.tv:80/CH3518/index.m3u8,404,False,HTTP 404
CH3519,http://cdn.telecloud.tv:80/CH3519/index.m3u8,404,False,HTTP 404
CH3520,http://cdn.telecloud.tv:80/CH3520/index.m3u8,404,False,HTTP 404
CH3521,http://cdn.telecloud.tv:80/CH3521/index.m3u8,404,False,HTTP 404
CH3522,http://cdn.telecloud.tv:80/CH3522/index.m3u8,404,False,HTTP 404
CH3523,http://cdn.telecloud.tv:80/CH3523/index.m3u8,404,False,HTTP 404
CH3524,http://cdn.telecloud.tv:80/CH3524/index.m3u8,404,False,HTTP 404
CH3525,http://cdn.telecloud.tv:80/CH3525/index.m3u8,404,False,HTTP 404
CH3526,http://cdn.telecloud.tv:80/CH3526/index.m3u8,404,False,HTTP 404
CH3527,http://cdn.telecloud.tv:80/CH3527/index.m3u8,404,False,HTTP 404
CH3528,http://cdn.telecloud.tv:80/CH3528/index.m3u8,404,False,HTTP 404
CH3529,http://cdn.telecloud.tv:80/CH3529/index.m3u8,404,False,HTTP 404
CH3530,http://cdn.telecloud.tv:80/CH3530/index.m3u8,404,False,HTTP 404
CH3531,http://cdn.telecloud.tv:80/CH3531/index.m3u8,404,False,HTTP 404
CH3532,http://cdn.telecloud.tv:80/CH3532/index.m3u8,404,False,HTTP 404
CH3533,http://cdn.telecloud.tv:80/CH3533/index.m3u8,404,False,HTTP 404
CH3534,http://cdn.telecloud.tv:80/CH3534/index.m3u8,404,False,HTTP 404
CH3535,http://cdn.telecloud.tv:80/CH3535/index.m3u8,404,False,HTTP 404
CH3536,http://cdn.telecloud.tv:80/CH3536/index.m3u8,404,False,HTTP 404
CH3537,http://cdn.telecloud.tv:80/CH3537/index.m3u8,404,False,HTTP 404
CH3538,http://cdn.telecloud.tv:80/CH3538/index.m3u8,404,False,HTTP 404
CH3539,http://cdn.telecloud.tv:80/CH3539/index.m3u8,404,False,HTTP 404
CH3540,http://cdn.telecloud.tv:80/CH3540/index.m3u8,404,False,HTTP 404
CH3541,http://cdn.telecloud.tv:80/CH3541/index.m3u8,200,True,ok
CH3542,http://cdn.telecloud.tv:80/CH3542/index.m3u8,404,False,HTTP 404
CH3543,http://cdn.telecloud.tv:80/CH3543/index.m3u8,404,False,HTTP 404
CH3544,http://cdn.telecloud.tv:80/CH3544/index.m3u8,404,False,HTTP 404
CH3545,http://cdn.telecloud.tv:80/CH3545/index.m3u8,404,False,HTTP 404
CH3546,http://cdn.telecloud.tv:80/CH3546/index.m3u8,404,False,HTTP 404
CH3547,http://cdn.telecloud.tv:80/CH3547/index.m3u8,404,False,HTTP 404
CH3548,http://cdn.telecloud.tv:80/CH3548/index.m3u8,404,False,HTTP 404
CH3549,http://cdn.telecloud.tv:80/CH3549/index.m3u8,404,False,HTTP 404
CH3550,http://cdn.telecloud.tv:80/CH3550/index.m3u8,404,False,HTTP 404
CH3551,http://cdn.telecloud.tv:80/CH3551/index.m3u8,404,False,HTTP 404
CH3552,http://cdn.telecloud.tv:80/CH3552/index.m3u8,404,False,HTTP 404
CH3553,http://cdn.telecloud.tv:80/CH3553/index.m3u8,404,False,HTTP 404
CH3554,http://cdn.telecloud.tv:80/CH3554/index.m3u8,404,False,HTTP 404
CH3555,http://cdn.telecloud.tv:80/CH3555/index.m3u8,404,False,HTTP 404
CH3556,http://cdn.telecloud.tv:80/CH3556/index.m3u8,404,False,HTTP 404
CH3557,http://cdn.telecloud.tv:80/CH3557/index.m3u8,404,False,HTTP 404
CH3558,http://cdn.telecloud.tv:80/CH3558/index.m3u8,404,False,HTTP 404
CH3559,http://cdn.telecloud.tv:80/CH3559/index.m3u8,404,False,HTTP 404
CH3560,http://cdn.telecloud.tv:80/CH3560/index.m3u8,404,False,HTTP 404
CH3561,http://cdn.telecloud.tv:80/CH3561/index.m3u8,404,False,HTTP 404
CH3562,http://cdn.telecloud.tv:80/CH3562/index.m3u8,404,False,HTTP 404
CH3563,http://cdn.telecloud.tv:80/CH3563/index.m3u8,404,False,HTTP 404
CH3564,http://cdn.telecloud.tv:80/CH3564/index.m3u8,404,False,HTTP 404
CH3565,http://cdn.telecloud.tv:80/CH3565/index.m3u8,404,False,HTTP 404
CH3566,http://cdn.telecloud.tv:80/CH3566/index.m3u8,404,False,HTTP 404
CH3567,http://cdn.telecloud.tv:80/CH3567/index.m3u8,404,False,HTTP 404
CH3568,http://cdn.telecloud.tv:80/CH3568/index.m3u8,404,False,HTTP 404
CH3569,http://cdn.telecloud.tv:80/CH3569/index.m3u8,404,False,HTTP 404
CH3570,http://cdn.telecloud.tv:80/CH3570/index.m3u8,404,False,HTTP 404
CH3571,http://cdn.telecloud.tv:80/CH3571/index.m3u8,404,False,HTTP 404
CH3572,http://cdn.telecloud.tv:80/CH3572/index.m3u8,404,False,HTTP 404
CH3573,http://cdn.telecloud.tv:80/CH3573/index.m3u8,404,False,HTTP 404
CH3574,http://cdn.telecloud.tv:80/CH3574/index.m3u8,404,False,HTTP 404
CH3575,http://cdn.telecloud.tv:80/CH3575/index.m3u8,404,False,HTTP 404
CH3576,http://cdn.telecloud.tv:80/CH3576/index.m3u8,404,False,HTTP 404
CH3577,http://cdn.telecloud.tv:80/CH3577/index.m3u8,404,False,HTTP 404
CH3578,http://cdn.telecloud.tv:80/CH3578/index.m3u8,404,False,HTTP 404
CH3579,http://cdn.telecloud.tv:80/CH3579/index.m3u8,404,False,HTTP 404
CH3580,http://cdn.telecloud.tv:80/CH3580/index.m3u8,404,False,HTTP 404
CH3581,http://cdn.telecloud.tv:80/CH3581/index.m3u8,404,False,HTTP 404
CH3582,http://cdn.telecloud.tv:80/CH3582/index.m3u8,404,False,HTTP 404
CH3583,http://cdn.telecloud.tv:80/CH3583/index.m3u8,404,False,HTTP 404
CH3584,http://cdn.telecloud.tv:80/CH3584/index.m3u8,404,False,HTTP 404
CH3585,http://cdn.telecloud.tv:80/CH3585/index.m3u8,404,False,HTTP 404
CH3586,http://cdn.telecloud.tv:80/CH3586/index.m3u8,404,False,HTTP 404
CH3587,http://cdn.telecloud.tv:80/CH3587/index.m3u8,404,False,HTTP 404
CH3588,http://cdn.telecloud.tv:80/CH3588/index.m3u8,404,False,HTTP 404
CH3589,http://cdn.telecloud.tv:80/CH3589/index.m3u8,404,False,HTTP 404
CH3590,http://cdn.telecloud.tv:80/CH3590/index.m3u8,404,False,HTTP 404
CH3591,http://cdn.telecloud.tv:80/CH3591/index.m3u8,404,False,HTTP 404
CH3592,http://cdn.telecloud.tv:80/CH3592/index.m3u8,404,False,HTTP 404
CH3593,http://cdn.telecloud.tv:80/CH3593/index.m3u8,404,False,HTTP 404
CH3594,http://cdn.telecloud.tv:80/CH3594/index.m3u8,404,False,HTTP 404
CH3595,http://cdn.telecloud.tv:80/CH3595/index.m3u8,404,False,HTTP 404
CH3596,http://cdn.telecloud.tv:80/CH3596/index.m3u8,404,False,HTTP 404
CH3597,http://cdn.telecloud.tv:80/CH3597/index.m3u8,404,False,HTTP 404
CH3598,http://cdn.telecloud.tv:80/CH3598/index.m3u8,404,False,HTTP 404
CH3599,http://cdn.telecloud.tv:80/CH3599/index.m3u8,404,False,HTTP 404
CH3600,http://cdn.telecloud.tv:80/CH3600/index.m3u8,404,False,HTTP 404
CH3601,http://cdn.telecloud.tv:80/CH3601/index.m3u8,404,False,HTTP 404
CH3602,http://cdn.telecloud.tv:80/CH3602/index.m3u8,404,False,HTTP 404
CH3603,http://cdn.telecloud.tv:80/CH3603/index.m3u8,404,False,HTTP 404
CH3604,http://cdn.telecloud.tv:80/CH3604/index.m3u8,404,False,HTTP 404
CH3605,http://cdn.telecloud.tv:80/CH3605/index.m3u8,404,False,HTTP 404
CH3606,http://cdn.telecloud.tv:80/CH3606/index.m3u8,404,False,HTTP 404
CH3607,http://cdn.telecloud.tv:80/CH3607/index.m3u8,200,True,ok
CH3608,http://cdn.telecloud.tv:80/CH3608/index.m3u8,404,False,HTTP 404
CH3609,http://cdn.telecloud.tv:80/CH3609/index.m3u8,200,True,ok
CH3610,http://cdn.telecloud.tv:80/CH3610/index.m3u8,404,False,HTTP 404
CH3611,http://cdn.telecloud.tv:80/CH3611/index.m3u8,404,False,HTTP 404
CH3612,http://cdn.telecloud.tv:80/CH3612/index.m3u8,404,False,HTTP 404
CH3613,http://cdn.telecloud.tv:80/CH3613/index.m3u8,404,False,HTTP 404
CH3614,http://cdn.telecloud.tv:80/CH3614/index.m3u8,404,False,HTTP 404
CH3615,http://cdn.telecloud.tv:80/CH3615/index.m3u8,404,False,HTTP 404
CH3616,http://cdn.telecloud.tv:80/CH3616/index.m3u8,404,False,HTTP 404
CH3617,http://cdn.telecloud.tv:80/CH3617/index.m3u8,404,False,HTTP 404
CH3618,http://cdn.telecloud.tv:80/CH3618/index.m3u8,404,False,HTTP 404
CH3619,http://cdn.telecloud.tv:80/CH3619/index.m3u8,404,False,HTTP 404
CH3620,http://cdn.telecloud.tv:80/CH3620/index.m3u8,404,False,HTTP 404
CH3621,http://cdn.telecloud.tv:80/CH3621/index.m3u8,404,False,HTTP 404
CH3622,http://cdn.telecloud.tv:80/CH3622/index.m3u8,404,False,HTTP 404
CH3623,http://cdn.telecloud.tv:80/CH3623/index.m3u8,404,False,HTTP 404
CH3624,http://cdn.telecloud.tv:80/CH3624/index.m3u8,404,False,HTTP 404
CH3625,http://cdn.telecloud.tv:80/CH3625/index.m3u8,404,False,HTTP 404
CH3626,http://cdn.telecloud.tv:80/CH3626/index.m3u8,404,False,HTTP 404
CH3627,http://cdn.telecloud.tv:80/CH3627/index.m3u8,404,False,HTTP 404
CH3628,http://cdn.telecloud.tv:80/CH3628/index.m3u8,404,False,HTTP 404
CH3629,http://cdn.telecloud.tv:80/CH3629/index.m3u8,404,False,HTTP 404
CH3630,http://cdn.telecloud.tv:80/CH3630/index.m3u8,404,False,HTTP 404
CH3631,http://cdn.telecloud.tv:80/CH3631/index.m3u8,404,False,HTTP 404
CH3632,http://cdn.telecloud.tv:80/CH3632/index.m3u8,404,False,HTTP 404
CH3633,http://cdn.telecloud.tv:80/CH3633/index.m3u8,404,False,HTTP 404
CH3634,http://cdn.telecloud.tv:80/CH3634/index.m3u8,404,False,HTTP 404
CH3635,http://cdn.telecloud.tv:80/CH3635/index.m3u8,404,False,HTTP 404
CH3636,http://cdn.telecloud.tv:80/CH3636/index.m3u8,404,False,HTTP 404
CH3637,http://cdn.telecloud.tv:80/CH3637/index.m3u8,404,False,HTTP 404
CH3638,http://cdn.telecloud.tv:80/CH3638/index.m3u8,404,False,HTTP 404
CH3639,http://cdn.telecloud.tv:80/CH3639/index.m3u8,404,False,HTTP 404
CH3640,http://cdn.telecloud.tv:80/CH3640/index.m3u8,404,False,HTTP 404
CH3641,http://cdn.telecloud.tv:80/CH3641/index.m3u8,404,False,HTTP 404
CH3642,http://cdn.telecloud.tv:80/CH3642/index.m3u8,404,False,HTTP 404
CH3643,http://cdn.telecloud.tv:80/CH3643/index.m3u8,404,False,HTTP 404
CH3644,http://cdn.telecloud.tv:80/CH3644/index.m3u8,404,False,HTTP 404
CH3645,http://cdn.telecloud.tv:80/CH3645/index.m3u8,404,False,HTTP 404
CH3646,http://cdn.telecloud.tv:80/CH3646/index.m3u8,404,False,HTTP 404
CH3647,http://cdn.telecloud.tv:80/CH3647/index.m3u8,404,False,HTTP 404
CH3648,http://cdn.telecloud.tv:80/CH3648/index.m3u8,404,False,HTTP 404
CH3649,http://cdn.telecloud.tv:80/CH3649/index.m3u8,404,False,HTTP 404
CH3650,http://cdn.telecloud.tv:80/CH3650/index.m3u8,404,False,HTTP 404
CH3651,http://cdn.telecloud.tv:80/CH3651/index.m3u8,404,False,HTTP 404
CH3652,http://cdn.telecloud.tv:80/CH3652/index.m3u8,404,False,HTTP 404
CH3653,http://cdn.telecloud.tv:80/CH3653/index.m3u8,404,False,HTTP 404
CH3654,http://cdn.telecloud.tv:80/CH3654/index.m3u8,404,False,HTTP 404
CH3655,http://cdn.telecloud.tv:80/CH3655/index.m3u8,404,False,HTTP 404
CH3656,http://cdn.telecloud.tv:80/CH3656/index.m3u8,404,False,HTTP 404
CH3657,http://cdn.telecloud.tv:80/CH3657/index.m3u8,404,False,HTTP 404
CH3658,http://cdn.telecloud.tv:80/CH3658/index.m3u8,404,False,HTTP 404
CH3659,http://cdn.telecloud.tv:80/CH3659/index.m3u8,404,False,HTTP 404
CH3660,http://cdn.telecloud.tv:80/CH3660/index.m3u8,404,False,HTTP 404
CH3661,http://cdn.telecloud.tv:80/CH3661/index.m3u8,404,False,HTTP 404
CH3662,http://cdn.telecloud.tv:80/CH3662/index.m3u8,404,False,HTTP 404
CH3663,http://cdn.telecloud.tv:80/CH3663/index.m3u8,404,False,HTTP 404
CH3664,http://cdn.telecloud.tv:80/CH3664/index.m3u8,404,False,HTTP 404
CH3665,http://cdn.telecloud.tv:80/CH3665/index.m3u8,404,False,HTTP 404
CH3666,http://cdn.telecloud.tv:80/CH3666/index.m3u8,404,False,HTTP 404
CH3667,http://cdn.telecloud.tv:80/CH3667/index.m3u8,404,False,HTTP 404
CH3668,http://cdn.telecloud.tv:80/CH3668/index.m3u8,404,False,HTTP 404
CH3669,http://cdn.telecloud.tv:80/CH3669/index.m3u8,404,False,HTTP 404
CH3670,http://cdn.telecloud.tv:80/CH3670/index.m3u8,404,False,HTTP 404
CH3671,http://cdn.telecloud.tv:80/CH3671/index.m3u8,404,False,HTTP 404
CH3672,http://cdn.telecloud.tv:80/CH3672/index.m3u8,404,False,HTTP 404
CH3673,http://cdn.telecloud.tv:80/CH3673/index.m3u8,404,False,HTTP 404
CH3674,http://cdn.telecloud.tv:80/CH3674/index.m3u8,404,False,HTTP 404
CH3675,http://cdn.telecloud.tv:80/CH3675/index.m3u8,404,False,HTTP 404
CH3676,http://cdn.telecloud.tv:80/CH3676/index.m3u8,404,False,HTTP 404
CH3677,http://cdn.telecloud.tv:80/CH3677/index.m3u8,404,False,HTTP 404
CH3678,http://cdn.telecloud.tv:80/CH3678/index.m3u8,404,False,HTTP 404
CH3679,http://cdn.telecloud.tv:80/CH3679/index.m3u8,404,False,HTTP 404
CH3680,http://cdn.telecloud.tv:80/CH3680/index.m3u8,404,False,HTTP 404
CH3681,http://cdn.telecloud.tv:80/CH3681/index.m3u8,404,False,HTTP 404
CH3682,http://cdn.telecloud.tv:80/CH3682/index.m3u8,404,False,HTTP 404
CH3683,http://cdn.telecloud.tv:80/CH3683/index.m3u8,404,False,HTTP 404
CH3684,http://cdn.telecloud.tv:80/CH3684/index.m3u8,404,False,HTTP 404
CH3685,http://cdn.telecloud.tv:80/CH3685/index.m3u8,404,False,HTTP 404
CH3686,http://cdn.telecloud.tv:80/CH3686/index.m3u8,404,False,HTTP 404
CH3687,http://cdn.telecloud.tv:80/CH3687/index.m3u8,404,False,HTTP 404
CH3688,http://cdn.telecloud.tv:80/CH3688/index.m3u8,404,False,HTTP 404
CH3689,http://cdn.telecloud.tv:80/CH3689/index.m3u8,404,False,HTTP 404
CH3690,http://cdn.telecloud.tv:80/CH3690/index.m3u8,404,False,HTTP 404
CH3691,http://cdn.telecloud.tv:80/CH3691/index.m3u8,200,True,ok
CH3692,http://cdn.telecloud.tv:80/CH3692/index.m3u8,404,False,HTTP 404
CH3693,http://cdn.telecloud.tv:80/CH3693/index.m3u8,200,True,ok
CH3694,http://cdn.telecloud.tv:80/CH3694/index.m3u8,404,False,HTTP 404
CH3695,http://cdn.telecloud.tv:80/CH3695/index.m3u8,200,True,ok
CH3696,http://cdn.telecloud.tv:80/CH3696/index.m3u8,404,False,HTTP 404
CH3697,http://cdn.telecloud.tv:80/CH3697/index.m3u8,404,False,HTTP 404
CH3698,http://cdn.telecloud.tv:80/CH3698/index.m3u8,404,False,HTTP 404
CH3699,http://cdn.telecloud.tv:80/CH3699/index.m3u8,200,True,ok
CH3700,http://cdn.telecloud.tv:80/CH3700/index.m3u8,404,False,HTTP 404
CH3701,http://cdn.telecloud.tv:80/CH3701/index.m3u8,404,False,HTTP 404
CH3702,http://cdn.telecloud.tv:80/CH3702/index.m3u8,404,False,HTTP 404
CH3703,http://cdn.telecloud.tv:80/CH3703/index.m3u8,200,True,ok
CH3704,http://cdn.telecloud.tv:80/CH3704/index.m3u8,404,False,HTTP 404
CH3705,http://cdn.telecloud.tv:80/CH3705/index.m3u8,404,False,HTTP 404
CH3706,http://cdn.telecloud.tv:80/CH3706/index.m3u8,404,False,HTTP 404
CH3707,http://cdn.telecloud.tv:80/CH3707/index.m3u8,404,False,HTTP 404
CH3708,http://cdn.telecloud.tv:80/CH3708/index.m3u8,404,False,HTTP 404
CH3709,http://cdn.telecloud.tv:80/CH3709/index.m3u8,200,True,ok
CH3710,http://cdn.telecloud.tv:80/CH3710/index.m3u8,404,False,HTTP 404
CH3711,http://cdn.telecloud.tv:80/CH3711/index.m3u8,404,False,HTTP 404
CH3712,http://cdn.telecloud.tv:80/CH3712/index.m3u8,404,False,HTTP 404
CH3713,http://cdn.telecloud.tv:80/CH3713/index.m3u8,404,False,HTTP 404
CH3714,http://cdn.telecloud.tv:80/CH3714/index.m3u8,404,False,HTTP 404
CH3715,http://cdn.telecloud.tv:80/CH3715/index.m3u8,404,False,HTTP 404
CH3716,http://cdn.telecloud.tv:80/CH3716/index.m3u8,404,False,HTTP 404
CH3717,http://cdn.telecloud.tv:80/CH3717/index.m3u8,404,False,HTTP 404
CH3718,http://cdn.telecloud.tv:80/CH3718/index.m3u8,404,False,HTTP 404
CH3719,http://cdn.telecloud.tv:80/CH3719/index.m3u8,404,False,HTTP 404
CH3720,http://cdn.telecloud.tv:80/CH3720/index.m3u8,404,False,HTTP 404
CH3721,http://cdn.telecloud.tv:80/CH3721/index.m3u8,404,False,HTTP 404
CH3722,http://cdn.telecloud.tv:80/CH3722/index.m3u8,404,False,HTTP 404
CH3723,http://cdn.telecloud.tv:80/CH3723/index.m3u8,404,False,HTTP 404
CH3724,http://cdn.telecloud.tv:80/CH3724/index.m3u8,404,False,HTTP 404
CH3725,http://cdn.telecloud.tv:80/CH3725/index.m3u8,404,False,HTTP 404
CH3726,http://cdn.telecloud.tv:80/CH3726/index.m3u8,404,False,HTTP 404
CH3727,http://cdn.telecloud.tv:80/CH3727/index.m3u8,404,False,HTTP 404
CH3728,http://cdn.telecloud.tv:80/CH3728/index.m3u8,404,False,HTTP 404
CH3729,http://cdn.telecloud.tv:80/CH3729/index.m3u8,404,False,HTTP 404
CH3730,http://cdn.telecloud.tv:80/CH3730/index.m3u8,404,False,HTTP 404
CH3731,http://cdn.telecloud.tv:80/CH3731/index.m3u8,404,False,HTTP 404
CH3732,http://cdn.telecloud.tv:80/CH3732/index.m3u8,404,False,HTTP 404
CH3733,http://cdn.telecloud.tv:80/CH3733/index.m3u8,404,False,HTTP 404
CH3734,http://cdn.telecloud.tv:80/CH3734/index.m3u8,404,False,HTTP 404
CH3735,http://cdn.telecloud.tv:80/CH3735/index.m3u8,404,False,HTTP 404
CH3736,http://cdn.telecloud.tv:80/CH3736/index.m3u8,404,False,HTTP 404
CH3737,http://cdn.telecloud.tv:80/CH3737/index.m3u8,404,False,HTTP 404
CH3738,http://cdn.telecloud.tv:80/CH3738/index.m3u8,404,False,HTTP 404
CH3739,http://cdn.telecloud.tv:80/CH3739/index.m3u8,404,False,HTTP 404
CH3740,http://cdn.telecloud.tv:80/CH3740/index.m3u8,404,False,HTTP 404
CH3741,http://cdn.telecloud.tv:80/CH3741/index.m3u8,404,False,HTTP 404
CH3742,http://cdn.telecloud.tv:80/CH3742/index.m3u8,404,False,HTTP 404
CH3743,http://cdn.telecloud.tv:80/CH3743/index.m3u8,404,False,HTTP 404
CH3744,http://cdn.telecloud.tv:80/CH3744/index.m3u8,404,False,HTTP 404
CH3745,http://cdn.telecloud.tv:80/CH3745/index.m3u8,404,False,HTTP 404
CH3746,http://cdn.telecloud.tv:80/CH3746/index.m3u8,404,False,HTTP 404
CH3747,http://cdn.telecloud.tv:80/CH3747/index.m3u8,404,False,HTTP 404
CH3748,http://cdn.telecloud.tv:80/CH3748/index.m3u8,404,False,HTTP 404
CH3749,http://cdn.telecloud.tv:80/CH3749/index.m3u8,404,False,HTTP 404
CH3750,http://cdn.telecloud.tv:80/CH3750/index.m3u8,404,False,HTTP 404
CH3751,http://cdn.telecloud.tv:80/CH3751/index.m3u8,404,False,HTTP 404
CH3752,http://cdn.telecloud.tv:80/CH3752/index.m3u8,404,False,HTTP 404
CH3753,http://cdn.telecloud.tv:80/CH3753/index.m3u8,404,False,HTTP 404
CH3754,http://cdn.telecloud.tv:80/CH3754/index.m3u8,404,False,HTTP 404
CH3755,http://cdn.telecloud.tv:80/CH3755/index.m3u8,404,False,HTTP 404
CH3756,http://cdn.telecloud.tv:80/CH3756/index.m3u8,404,False,HTTP 404
CH3757,http://cdn.telecloud.tv:80/CH3757/index.m3u8,404,False,HTTP 404
CH3758,http://cdn.telecloud.tv:80/CH3758/index.m3u8,404,False,HTTP 404
CH3759,http://cdn.telecloud.tv:80/CH3759/index.m3u8,404,False,HTTP 404
CH3760,http://cdn.telecloud.tv:80/CH3760/index.m3u8,404,False,HTTP 404
CH3761,http://cdn.telecloud.tv:80/CH3761/index.m3u8,404,False,HTTP 404
CH3762,http://cdn.telecloud.tv:80/CH3762/index.m3u8,404,False,HTTP 404
CH3763,http://cdn.telecloud.tv:80/CH3763/index.m3u8,404,False,HTTP 404
CH3764,http://cdn.telecloud.tv:80/CH3764/index.m3u8,404,False,HTTP 404
CH3765,http://cdn.telecloud.tv:80/CH3765/index.m3u8,404,False,HTTP 404
CH3766,http://cdn.telecloud.tv:80/CH3766/index.m3u8,404,False,HTTP 404
CH3767,http://cdn.telecloud.tv:80/CH3767/index.m3u8,404,False,HTTP 404
CH3768,http://cdn.telecloud.tv:80/CH3768/index.m3u8,404,False,HTTP 404
CH3769,http://cdn.telecloud.tv:80/CH3769/index.m3u8,200,True,ok
CH3770,http://cdn.telecloud.tv:80/CH3770/index.m3u8,404,False,HTTP 404
CH3771,http://cdn.telecloud.tv:80/CH3771/index.m3u8,404,False,HTTP 404
CH3772,http://cdn.telecloud.tv:80/CH3772/index.m3u8,404,False,HTTP 404
CH3773,http://cdn.telecloud.tv:80/CH3773/index.m3u8,404,False,HTTP 404
CH3774,http://cdn.telecloud.tv:80/CH3774/index.m3u8,404,False,HTTP 404
CH3775,http://cdn.telecloud.tv:80/CH3775/index.m3u8,404,False,HTTP 404
CH3776,http://cdn.telecloud.tv:80/CH3776/index.m3u8,404,False,HTTP 404
CH3777,http://cdn.telecloud.tv:80/CH3777/index.m3u8,404,False,HTTP 404
CH3778,http://cdn.telecloud.tv:80/CH3778/index.m3u8,404,False,HTTP 404
CH3779,http://cdn.telecloud.tv:80/CH3779/index.m3u8,404,False,HTTP 404
CH3780,http://cdn.telecloud.tv:80/CH3780/index.m3u8,404,False,HTTP 404
CH3781,http://cdn.telecloud.tv:80/CH3781/index.m3u8,404,False,HTTP 404
CH3782,http://cdn.telecloud.tv:80/CH3782/index.m3u8,404,False,HTTP 404
CH3783,http://cdn.telecloud.tv:80/CH3783/index.m3u8,404,False,HTTP 404
CH3784,http://cdn.telecloud.tv:80/CH3784/index.m3u8,404,False,HTTP 404
CH3785,http://cdn.telecloud.tv:80/CH3785/index.m3u8,404,False,HTTP 404
CH3786,http://cdn.telecloud.tv:80/CH3786/index.m3u8,404,False,HTTP 404
CH3787,http://cdn.telecloud.tv:80/CH3787/index.m3u8,404,False,HTTP 404
CH3788,http://cdn.telecloud.tv:80/CH3788/index.m3u8,404,False,HTTP 404
CH3789,http://cdn.telecloud.tv:80/CH3789/index.m3u8,200,True,ok
CH3790,http://cdn.telecloud.tv:80/CH3790/index.m3u8,404,False,HTTP 404
CH3791,http://cdn.telecloud.tv:80/CH3791/index.m3u8,200,True,ok
CH3792,http://cdn.telecloud.tv:80/CH3792/index.m3u8,404,False,HTTP 404
CH3793,http://cdn.telecloud.tv:80/CH3793/index.m3u8,200,True,ok
CH3794,http://cdn.telecloud.tv:80/CH3794/index.m3u8,404,False,HTTP 404
CH3795,http://cdn.telecloud.tv:80/CH3795/index.m3u8,200,True,ok
CH3796,http://cdn.telecloud.tv:80/CH3796/index.m3u8,404,False,HTTP 404
CH3797,http://cdn.telecloud.tv:80/CH3797/index.m3u8,200,True,ok
CH3798,http://cdn.telecloud.tv:80/CH3798/index.m3u8,404,False,HTTP 404
CH3799,http://cdn.telecloud.tv:80/CH3799/index.m3u8,200,True,ok
CH3800,http://cdn.telecloud.tv:80/CH3800/index.m3u8,404,False,HTTP 404
CH3801,http://cdn.telecloud.tv:80/CH3801/index.m3u8,200,True,ok
CH3802,http://cdn.telecloud.tv:80/CH3802/index.m3u8,404,False,HTTP 404
CH3803,http://cdn.telecloud.tv:80/CH3803/index.m3u8,200,True,ok
CH3804,http://cdn.telecloud.tv:80/CH3804/index.m3u8,404,False,HTTP 404
CH3805,http://cdn.telecloud.tv:80/CH3805/index.m3u8,200,True,ok
CH3806,http://cdn.telecloud.tv:80/CH3806/index.m3u8,404,False,HTTP 404
CH3807,http://cdn.telecloud.tv:80/CH3807/index.m3u8,404,False,HTTP 404
CH3808,http://cdn.telecloud.tv:80/CH3808/index.m3u8,404,False,HTTP 404
CH3809,http://cdn.telecloud.tv:80/CH3809/index.m3u8,200,True,ok
CH3810,http://cdn.telecloud.tv:80/CH3810/index.m3u8,404,False,HTTP 404
CH3811,http://cdn.telecloud.tv:80/CH3811/index.m3u8,404,False,HTTP 404
CH3812,http://cdn.telecloud.tv:80/CH3812/index.m3u8,404,False,HTTP 404
CH3813,http://cdn.telecloud.tv:80/CH3813/index.m3u8,404,False,HTTP 404
CH3814,http://cdn.telecloud.tv:80/CH3814/index.m3u8,404,False,HTTP 404
CH3815,http://cdn.telecloud.tv:80/CH3815/index.m3u8,200,True,ok
CH3816,http://cdn.telecloud.tv:80/CH3816/index.m3u8,404,False,HTTP 404
CH3817,http://cdn.telecloud.tv:80/CH3817/index.m3u8,200,True,ok
CH3818,http://cdn.telecloud.tv:80/CH3818/index.m3u8,404,False,HTTP 404
CH3819,http://cdn.telecloud.tv:80/CH3819/index.m3u8,404,False,HTTP 404
CH3820,http://cdn.telecloud.tv:80/CH3820/index.m3u8,404,False,HTTP 404
CH3821,http://cdn.telecloud.tv:80/CH3821/index.m3u8,200,True,ok
CH3822,http://cdn.telecloud.tv:80/CH3822/index.m3u8,404,False,HTTP 404
CH3823,http://cdn.telecloud.tv:80/CH3823/index.m3u8,404,False,HTTP 404
CH3824,http://cdn.telecloud.tv:80/CH3824/index.m3u8,404,False,HTTP 404
CH3825,http://cdn.telecloud.tv:80/CH3825/index.m3u8,200,True,ok
CH3826,http://cdn.telecloud.tv:80/CH3826/index.m3u8,404,False,HTTP 404
CH3827,http://cdn.telecloud.tv:80/CH3827/index.m3u8,200,True,ok
CH3828,http://cdn.telecloud.tv:80/CH3828/index.m3u8,404,False,HTTP 404
CH3829,http://cdn.telecloud.tv:80/CH3829/index.m3u8,200,True,ok
CH3830,http://cdn.telecloud.tv:80/CH3830/index.m3u8,404,False,HTTP 404
CH3831,http://cdn.telecloud.tv:80/CH3831/index.m3u8,200,True,ok
CH3832,http://cdn.telecloud.tv:80/CH3832/index.m3u8,404,False,HTTP 404
CH3833,http://cdn.telecloud.tv:80/CH3833/index.m3u8,200,True,ok
CH3834,http://cdn.telecloud.tv:80/CH3834/index.m3u8,404,False,HTTP 404
CH3835,http://cdn.telecloud.tv:80/CH3835/index.m3u8,200,True,ok
CH3836,http://cdn.telecloud.tv:80/CH3836/index.m3u8,404,False,HTTP 404
CH3837,http://cdn.telecloud.tv:80/CH3837/index.m3u8,200,True,ok
CH3838,http://cdn.telecloud.tv:80/CH3838/index.m3u8,404,False,HTTP 404
CH3839,http://cdn.telecloud.tv:80/CH3839/index.m3u8,200,True,ok
CH3840,http://cdn.telecloud.tv:80/CH3840/index.m3u8,404,False,HTTP 404
CH3841,http://cdn.telecloud.tv:80/CH3841/index.m3u8,200,True,ok
CH3842,http://cdn.telecloud.tv:80/CH3842/index.m3u8,404,False,HTTP 404
CH3843,http://cdn.telecloud.tv:80/CH3843/index.m3u8,200,True,ok
CH3844,http://cdn.telecloud.tv:80/CH3844/index.m3u8,404,False,HTTP 404
CH3845,http://cdn.telecloud.tv:80/CH3845/index.m3u8,200,True,ok
CH3846,http://cdn.telecloud.tv:80/CH3846/index.m3u8,404,False,HTTP 404
CH3847,http://cdn.telecloud.tv:80/CH3847/index.m3u8,200,True,ok
CH3848,http://cdn.telecloud.tv:80/CH3848/index.m3u8,404,False,HTTP 404
CH3849,http://cdn.telecloud.tv:80/CH3849/index.m3u8,200,True,ok
CH3850,http://cdn.telecloud.tv:80/CH3850/index.m3u8,404,False,HTTP 404
CH3851,http://cdn.telecloud.tv:80/CH3851/index.m3u8,200,True,ok
CH3852,http://cdn.telecloud.tv:80/CH3852/index.m3u8,404,False,HTTP 404
CH3853,http://cdn.telecloud.tv:80/CH3853/index.m3u8,404,False,HTTP 404
CH3854,http://cdn.telecloud.tv:80/CH3854/index.m3u8,404,False,HTTP 404
CH3855,http://cdn.telecloud.tv:80/CH3855/index.m3u8,404,False,HTTP 404
CH3856,http://cdn.telecloud.tv:80/CH3856/index.m3u8,404,False,HTTP 404
CH3857,http://cdn.telecloud.tv:80/CH3857/index.m3u8,404,False,HTTP 404
CH3858,http://cdn.telecloud.tv:80/CH3858/index.m3u8,404,False,HTTP 404
CH3859,http://cdn.telecloud.tv:80/CH3859/index.m3u8,200,True,ok
CH3860,http://cdn.telecloud.tv:80/CH3860/index.m3u8,404,False,HTTP 404
CH3861,http://cdn.telecloud.tv:80/CH3861/index.m3u8,200,True,ok
CH3862,http://cdn.telecloud.tv:80/CH3862/index.m3u8,404,False,HTTP 404
CH3863,http://cdn.telecloud.tv:80/CH3863/index.m3u8,200,True,ok
CH3864,http://cdn.telecloud.tv:80/CH3864/index.m3u8,404,False,HTTP 404
CH3865,http://cdn.telecloud.tv:80/CH3865/index.m3u8,200,True,ok
CH3866,http://cdn.telecloud.tv:80/CH3866/index.m3u8,404,False,HTTP 404
CH3867,http://cdn.telecloud.tv:80/CH3867/index.m3u8,200,True,ok
CH3868,http://cdn.telecloud.tv:80/CH3868/index.m3u8,404,False,HTTP 404
CH3869,http://cdn.telecloud.tv:80/CH3869/index.m3u8,200,True,ok
CH3870,http://cdn.telecloud.tv:80/CH3870/index.m3u8,404,False,HTTP 404
CH3871,http://cdn.telecloud.tv:80/CH3871/index.m3u8,200,True,ok
CH3872,http://cdn.telecloud.tv:80/CH3872/index.m3u8,404,False,HTTP 404
CH3873,http://cdn.telecloud.tv:80/CH3873/index.m3u8,200,True,ok
CH3874,http://cdn.telecloud.tv:80/CH3874/index.m3u8,404,False,HTTP 404
CH3875,http://cdn.telecloud.tv:80/CH3875/index.m3u8,200,True,ok
CH3876,http://cdn.telecloud.tv:80/CH3876/index.m3u8,404,False,HTTP 404
CH3877,http://cdn.telecloud.tv:80/CH3877/index.m3u8,200,True,ok
CH3878,http://cdn.telecloud.tv:80/CH3878/index.m3u8,404,False,HTTP 404
CH3879,http://cdn.telecloud.tv:80/CH3879/index.m3u8,200,True,ok
CH3880,http://cdn.telecloud.tv:80/CH3880/index.m3u8,404,False,HTTP 404
CH3881,http://cdn.telecloud.tv:80/CH3881/index.m3u8,200,True,ok
CH3882,http://cdn.telecloud.tv:80/CH3882/index.m3u8,404,False,HTTP 404
CH3883,http://cdn.telecloud.tv:80/CH3883/index.m3u8,200,True,ok
CH3884,http://cdn.telecloud.tv:80/CH3884/index.m3u8,404,False,HTTP 404
CH3885,http://cdn.telecloud.tv:80/CH3885/index.m3u8,200,True,ok
CH3886,http://cdn.telecloud.tv:80/CH3886/index.m3u8,404,False,HTTP 404
CH3887,http://cdn.telecloud.tv:80/CH3887/index.m3u8,200,True,ok
CH3888,http://cdn.telecloud.tv:80/CH3888/index.m3u8,404,False,HTTP 404
CH3889,http://cdn.telecloud.tv:80/CH3889/index.m3u8,404,False,HTTP 404
CH3890,http://cdn.telecloud.tv:80/CH3890/index.m3u8,404,False,HTTP 404
CH3891,http://cdn.telecloud.tv:80/CH3891/index.m3u8,404,False,HTTP 404
CH3892,http://cdn.telecloud.tv:80/CH3892/index.m3u8,404,False,HTTP 404
CH3893,http://cdn.telecloud.tv:80/CH3893/index.m3u8,404,False,HTTP 404
CH3894,http://cdn.telecloud.tv:80/CH3894/index.m3u8,404,False,HTTP 404
CH3895,http://cdn.telecloud.tv:80/CH3895/index.m3u8,404,False,HTTP 404
CH3896,http://cdn.telecloud.tv:80/CH3896/index.m3u8,404,False,HTTP 404
CH3897,http://cdn.telecloud.tv:80/CH3897/index.m3u8,404,False,HTTP 404
CH3898,http://cdn.telecloud.tv:80/CH3898/index.m3u8,404,False,HTTP 404
CH3899,http://cdn.telecloud.tv:80/CH3899/index.m3u8,404,False,HTTP 404
CH3900,http://cdn.telecloud.tv:80/CH3900/index.m3u8,404,False,HTTP 404
CH3901,http://cdn.telecloud.tv:80/CH3901/index.m3u8,404,False,HTTP 404
CH3902,http://cdn.telecloud.tv:80/CH3902/index.m3u8,404,False,HTTP 404
CH3903,http://cdn.telecloud.tv:80/CH3903/index.m3u8,404,False,HTTP 404
CH3904,http://cdn.telecloud.tv:80/CH3904/index.m3u8,404,False,HTTP 404
CH3905,http://cdn.telecloud.tv:80/CH3905/index.m3u8,404,False,HTTP 404
CH3906,http://cdn.telecloud.tv:80/CH3906/index.m3u8,404,False,HTTP 404
CH3907,http://cdn.telecloud.tv:80/CH3907/index.m3u8,404,False,HTTP 404
CH3908,http://cdn.telecloud.tv:80/CH3908/index.m3u8,404,False,HTTP 404
CH3909,http://cdn.telecloud.tv:80/CH3909/index.m3u8,404,False,HTTP 404
CH3910,http://cdn.telecloud.tv:80/CH3910/index.m3u8,404,False,HTTP 404
CH3911,http://cdn.telecloud.tv:80/CH3911/index.m3u8,404,False,HTTP 404
CH3912,http://cdn.telecloud.tv:80/CH3912/index.m3u8,404,False,HTTP 404
CH3913,http://cdn.telecloud.tv:80/CH3913/index.m3u8,404,False,HTTP 404
CH3914,http://cdn.telecloud.tv:80/CH3914/index.m3u8,404,False,HTTP 404
CH3915,http://cdn.telecloud.tv:80/CH3915/index.m3u8,404,False,HTTP 404
CH3916,http://cdn.telecloud.tv:80/CH3916/index.m3u8,404,False,HTTP 404
CH3917,http://cdn.telecloud.tv:80/CH3917/index.m3u8,404,False,HTTP 404
CH3918,http://cdn.telecloud.tv:80/CH3918/index.m3u8,404,False,HTTP 404
CH3919,http://cdn.telecloud.tv:80/CH3919/index.m3u8,404,False,HTTP 404
CH3920,http://cdn.telecloud.tv:80/CH3920/index.m3u8,404,False,HTTP 404
CH3921,http://cdn.telecloud.tv:80/CH3921/index.m3u8,404,False,HTTP 404
CH3922,http://cdn.telecloud.tv:80/CH3922/index.m3u8,404,False,HTTP 404
CH3923,http://cdn.telecloud.tv:80/CH3923/index.m3u8,404,False,HTTP 404
CH3924,http://cdn.telecloud.tv:80/CH3924/index.m3u8,404,False,HTTP 404
CH3925,http://cdn.telecloud.tv:80/CH3925/index.m3u8,404,False,HTTP 404
CH3926,http://cdn.telecloud.tv:80/CH3926/index.m3u8,404,False,HTTP 404
CH3927,http://cdn.telecloud.tv:80/CH3927/index.m3u8,404,False,HTTP 404
CH3928,http://cdn.telecloud.tv:80/CH3928/index.m3u8,404,False,HTTP 404
CH3929,http://cdn.telecloud.tv:80/CH3929/index.m3u8,404,False,HTTP 404
CH3930,http://cdn.telecloud.tv:80/CH3930/index.m3u8,404,False,HTTP 404
CH3931,http://cdn.telecloud.tv:80/CH3931/index.m3u8,404,False,HTTP 404
CH3932,http://cdn.telecloud.tv:80/CH3932/index.m3u8,404,False,HTTP 404
CH3933,http://cdn.telecloud.tv:80/CH3933/index.m3u8,404,False,HTTP 404
CH3934,http://cdn.telecloud.tv:80/CH3934/index.m3u8,404,False,HTTP 404
CH3935,http://cdn.telecloud.tv:80/CH3935/index.m3u8,404,False,HTTP 404
CH3936,http://cdn.telecloud.tv:80/CH3936/index.m3u8,404,False,HTTP 404
CH3937,http://cdn.telecloud.tv:80/CH3937/index.m3u8,404,False,HTTP 404
CH3938,http://cdn.telecloud.tv:80/CH3938/index.m3u8,404,False,HTTP 404
CH3939,http://cdn.telecloud.tv:80/CH3939/index.m3u8,404,False,HTTP 404
CH3940,http://cdn.telecloud.tv:80/CH3940/index.m3u8,404,False,HTTP 404
CH3941,http://cdn.telecloud.tv:80/CH3941/index.m3u8,404,False,HTTP 404
CH3942,http://cdn.telecloud.tv:80/CH3942/index.m3u8,404,False,HTTP 404
CH3943,http://cdn.telecloud.tv:80/CH3943/index.m3u8,404,False,HTTP 404
CH3944,http://cdn.telecloud.tv:80/CH3944/index.m3u8,404,False,HTTP 404
CH3945,http://cdn.telecloud.tv:80/CH3945/index.m3u8,404,False,HTTP 404
CH3946,http://cdn.telecloud.tv:80/CH3946/index.m3u8,404,False,HTTP 404
CH3947,http://cdn.telecloud.tv:80/CH3947/index.m3u8,404,False,HTTP 404
CH3948,http://cdn.telecloud.tv:80/CH3948/index.m3u8,404,False,HTTP 404
CH3949,http://cdn.telecloud.tv:80/CH3949/index.m3u8,404,False,HTTP 404
CH3950,http://cdn.telecloud.tv:80/CH3950/index.m3u8,404,False,HTTP 404
CH3951,http://cdn.telecloud.tv:80/CH3951/index.m3u8,404,False,HTTP 404
CH3952,http://cdn.telecloud.tv:80/CH3952/index.m3u8,404,False,HTTP 404
CH3953,http://cdn.telecloud.tv:80/CH3953/index.m3u8,404,False,HTTP 404
CH3954,http://cdn.telecloud.tv:80/CH3954/index.m3u8,404,False,HTTP 404
CH3955,http://cdn.telecloud.tv:80/CH3955/index.m3u8,404,False,HTTP 404
CH3956,http://cdn.telecloud.tv:80/CH3956/index.m3u8,404,False,HTTP 404
CH3957,http://cdn.telecloud.tv:80/CH3957/index.m3u8,404,False,HTTP 404
CH3958,http://cdn.telecloud.tv:80/CH3958/index.m3u8,404,False,HTTP 404
CH3959,http://cdn.telecloud.tv:80/CH3959/index.m3u8,404,False,HTTP 404
CH3960,http://cdn.telecloud.tv:80/CH3960/index.m3u8,404,False,HTTP 404
CH3961,http://cdn.telecloud.tv:80/CH3961/index.m3u8,404,False,HTTP 404
CH3962,http://cdn.telecloud.tv:80/CH3962/index.m3u8,404,False,HTTP 404
CH3963,http://cdn.telecloud.tv:80/CH3963/index.m3u8,404,False,HTTP 404
CH3964,http://cdn.telecloud.tv:80/CH3964/index.m3u8,404,False,HTTP 404
CH3965,http://cdn.telecloud.tv:80/CH3965/index.m3u8,404,False,HTTP 404
CH3966,http://cdn.telecloud.tv:80/CH3966/index.m3u8,404,False,HTTP 404
CH3967,http://cdn.telecloud.tv:80/CH3967/index.m3u8,404,False,HTTP 404
CH3968,http://cdn.telecloud.tv:80/CH3968/index.m3u8,404,False,HTTP 404
CH3969,http://cdn.telecloud.tv:80/CH3969/index.m3u8,404,False,HTTP 404
CH3970,http://cdn.telecloud.tv:80/CH3970/index.m3u8,404,False,HTTP 404
CH3971,http://cdn.telecloud.tv:80/CH3971/index.m3u8,404,False,HTTP 404
CH3972,http://cdn.telecloud.tv:80/CH3972/index.m3u8,404,False,HTTP 404
CH3973,http://cdn.telecloud.tv:80/CH3973/index.m3u8,404,False,HTTP 404
CH3974,http://cdn.telecloud.tv:80/CH3974/index.m3u8,404,False,HTTP 404
CH3975,http://cdn.telecloud.tv:80/CH3975/index.m3u8,404,False,HTTP 404
CH3976,http://cdn.telecloud.tv:80/CH3976/index.m3u8,404,False,HTTP 404
CH3977,http://cdn.telecloud.tv:80/CH3977/index.m3u8,404,False,HTTP 404
CH3978,http://cdn.telecloud.tv:80/CH3978/index.m3u8,404,False,HTTP 404
CH3979,http://cdn.telecloud.tv:80/CH3979/index.m3u8,404,False,HTTP 404
CH3980,http://cdn.telecloud.tv:80/CH3980/index.m3u8,404,False,HTTP 404
CH3981,http://cdn.telecloud.tv:80/CH3981/index.m3u8,404,False,HTTP 404
CH3982,http://cdn.telecloud.tv:80/CH3982/index.m3u8,404,False,HTTP 404
CH3983,http://cdn.telecloud.tv:80/CH3983/index.m3u8,404,False,HTTP 404
CH3984,http://cdn.telecloud.tv:80/CH3984/index.m3u8,404,False,HTTP 404
CH3985,http://cdn.telecloud.tv:80/CH3985/index.m3u8,404,False,HTTP 404
CH3986,http://cdn.telecloud.tv:80/CH3986/index.m3u8,404,False,HTTP 404
CH3987,http://cdn.telecloud.tv:80/CH3987/index.m3u8,404,False,HTTP 404
CH3988,http://cdn.telecloud.tv:80/CH3988/index.m3u8,404,False,HTTP 404
CH3989,http://cdn.telecloud.tv:80/CH3989/index.m3u8,404,False,HTTP 404
CH3990,http://cdn.telecloud.tv:80/CH3990/index.m3u8,404,False,HTTP 404
CH3991,http://cdn.telecloud.tv:80/CH3991/index.m3u8,404,False,HTTP 404
CH3992,http://cdn.telecloud.tv:80/CH3992/index.m3u8,404,False,HTTP 404
CH3993,http://cdn.telecloud.tv:80/CH3993/index.m3u8,404,False,HTTP 404
CH3994,http://cdn.telecloud.tv:80/CH3994/index.m3u8,404,False,HTTP 404
CH3995,http://cdn.telecloud.tv:80/CH3995/index.m3u8,404,False,HTTP 404
CH3996,http://cdn.telecloud.tv:80/CH3996/index.m3u8,404,False,HTTP 404
CH3997,http://cdn.telecloud.tv:80/CH3997/index.m3u8,404,False,HTTP 404
CH3998,http://cdn.telecloud.tv:80/CH3998/index.m3u8,404,False,HTTP 404
CH3999,http://cdn.telecloud.tv:80/CH3999/index.m3u8,404,False,HTTP 404
CH4000,http://cdn.telecloud.tv:80/CH4000/index.m3u8,404,False,HTTP 404
